blockchain_timestamp,sensor_timestamp,rfid_tag,device_id,sensor_type,latitude,longitude,scan_status,temperature_c,is_flagged,temp_breach,breach_delta_c,goods_category,origin,destination,package_count,vehicle_id,driver_id,shipment_status,scheduled_delivery_dt,actual_delivery_dt,delay_reason,delay_hours,scan_hour,scan_day
2026-06-24 13:19:44,2026-05-03 07:00:00,RFID-020,GPS255,GPS,14.667702,120.978645,,,False,,,Industrial,Malabon,San Antonio,49,VH-020,DR-020,Delivered,2026-05-05 14:00:00,2026-05-05 14:00:00,,0.0,7,2026-05-03
2026-06-24 13:19:46,2026-05-03 09:00:00,RFID-001,GPS926,GPS,14.644554,121.026468,,,False,,,Pharma,Tatalon,Pasig City,9,VH-001,DR-001,Delivered,2026-05-05 20:00:00,2026-05-05 20:00:00,,0.0,9,2026-05-03
2026-06-24 13:19:47,2026-05-03 09:00:00,RFID-020,GPS411,GPS,14.597148,120.976441,,,False,,,Industrial,Malabon,San Antonio,49,VH-020,DR-020,Delivered,2026-05-05 14:00:00,2026-05-05 14:00:00,,0.0,9,2026-05-03
2026-06-24 13:19:48,2026-05-03 11:00:00,RFID-020,GPS671,GPS,14.562975,120.955133,,,False,,,Industrial,Malabon,San Antonio,49,VH-020,DR-020,Delivered,2026-05-05 14:00:00,2026-05-05 14:00:00,,0.0,11,2026-05-03
2026-06-24 13:19:50,2026-05-03 11:00:00,RFID-007,GPS661,GPS,14.671551,120.940095,,,False,,,Frozen,Malabon,Quiapo,25,VH-007,DR-007,Delivered,2026-05-05 21:00:00,2026-05-05 21:00:00,,0.0,11,2026-05-03
2026-06-24 13:19:51,2026-05-03 11:00:00,RFID-001,GPS936,GPS,14.630498,120.974825,,,False,,,Pharma,Tatalon,Pasig City,9,VH-001,DR-001,Delivered,2026-05-05 20:00:00,2026-05-05 20:00:00,,0.0,11,2026-05-03
2026-06-24 13:19:53,2026-05-03 12:00:00,RFID-034,GPS177,GPS,14.583872,120.978217,,,False,,,Frozen,Santamesa,Malate,4,VH-034,DR-034,Delivered,2026-05-05 19:00:00,2026-05-05 19:00:00,,0.0,12,2026-05-03
2026-06-24 13:19:54,2026-05-03 12:00:00,RFID-043,GPS819,GPS,14.276745,120.968042,,,False,,,Industrial,General Mariano Alvarez,Davao,11,VH-043,DR-043,Delivered,2026-05-05 13:00:00,2026-05-05 13:00:00,,0.0,12,2026-05-03
2026-06-24 13:19:54,2026-05-03 13:00:00,RFID-042,GPS691,GPS,14.676741,120.926865,,,False,,,Deep Freeze,Navotas,Pasay City,48,VH-042,DR-042,Delivered,2026-05-05 14:00:00,2026-05-05 14:00:00,,0.0,13,2026-05-03
2026-06-24 13:19:57,2026-05-03 13:00:00,RFID-001,GPS206,GPS,14.61146,121.075961,,,False,,,Pharma,Tatalon,Pasig City,9,VH-001,DR-001,Delivered,2026-05-05 20:00:00,2026-05-05 20:00:00,,0.0,13,2026-05-03
2026-06-24 13:19:57,2026-05-03 13:00:00,RFID-020,GPS909,GPS,14.60313,121.001103,,,False,,,Industrial,Malabon,San Antonio,49,VH-020,DR-020,Delivered,2026-05-05 14:00:00,2026-05-05 14:00:00,,0.0,13,2026-05-03
2026-06-24 13:19:59,2026-05-03 13:00:00,RFID-031,GPS923,GPS,14.645957,120.986684,,,False,,,Frozen,Caloocan City,Marikina Heights,33,VH-031,DR-031,Delayed,2026-05-04 15:00:00,2026-05-04 17:00:00,RFID flag,2.0,13,2026-05-03
2026-06-24 13:20:00,2026-05-03 13:00:00,RFID-007,GPS315,GPS,14.684801,120.943673,,,False,,,Frozen,Malabon,Quiapo,25,VH-007,DR-007,Delivered,2026-05-05 21:00:00,2026-05-05 21:00:00,,0.0,13,2026-05-03
2026-06-24 13:20:02,2026-05-03 14:00:00,RFID-030,GPS810,GPS,14.640358,120.996568,,,False,,,Pharma,Sampaloc,Mandaluyong City,1,VH-030,DR-030,Delayed,2026-05-04 23:00:00,2026-05-05 09:00:00,Weather,10.0,14,2026-05-03
2026-06-24 13:20:03,2026-05-03 14:00:00,RFID-043,GPS459,GPS,13.293384,121.699297,,,False,,,Industrial,General Mariano Alvarez,Davao,11,VH-043,DR-043,Delivered,2026-05-05 13:00:00,2026-05-05 13:00:00,,0.0,14,2026-05-03
2026-06-24 13:20:05,2026-05-03 14:00:00,RFID-034,GPS980,GPS,14.558961,121.059721,,,False,,,Frozen,Santamesa,Malate,4,VH-034,DR-034,Delivered,2026-05-05 19:00:00,2026-05-05 19:00:00,,0.0,14,2026-05-03
2026-06-24 13:20:07,2026-05-03 14:00:00,RFID-009,GPS151,GPS,14.495797,120.981796,,,False,,,Cool-Chain,Las Piñas City,Marikina Heights,6,VH-009,DR-009,Delivered,2026-05-04 04:00:00,2026-05-04 04:00:00,,0.0,14,2026-05-03
2026-06-24 13:20:10,2026-05-03 15:00:00,RFID-031,GPS659,GPS,14.647011,120.970006,,,False,,,Frozen,Caloocan City,Marikina Heights,33,VH-031,DR-031,Delayed,2026-05-04 15:00:00,2026-05-04 17:00:00,RFID flag,2.0,15,2026-05-03
2026-06-24 13:20:11,2026-05-03 15:00:00,RFID-020,GPS489,GPS,14.560756,121.028198,,,False,,,Industrial,Malabon,San Antonio,49,VH-020,DR-020,Delivered,2026-05-05 14:00:00,2026-05-05 14:00:00,,0.0,15,2026-05-03
2026-06-24 13:20:13,2026-05-03 15:00:00,RFID-042,GPS593,GPS,14.65077,120.915502,,,False,,,Deep Freeze,Navotas,Pasay City,48,VH-042,DR-042,Delivered,2026-05-05 14:00:00,2026-05-05 14:00:00,,0.0,15,2026-05-03
2026-06-24 13:20:15,2026-05-03 15:00:00,RFID-007,GPS770,GPS,14.635846,120.97457,,,False,,,Frozen,Malabon,Quiapo,25,VH-007,DR-007,Delivered,2026-05-05 21:00:00,2026-05-05 21:00:00,,0.0,15,2026-05-03
2026-06-24 13:20:16,2026-05-03 15:00:00,RFID-037,GPS943,GPS,14.649921,121.047101,,,False,,,Industrial,Sampaloc,Pinyahan,7,VH-037,DR-037,Delivered,2026-05-05 07:00:00,2026-05-05 07:00:00,,0.0,15,2026-05-03
2026-06-24 13:20:17,2026-05-03 15:00:00,RFID-001,GPS218,GPS,14.640793,121.004958,,,False,,,Pharma,Tatalon,Pasig City,9,VH-001,DR-001,Delivered,2026-05-05 20:00:00,2026-05-05 20:00:00,,0.0,15,2026-05-03
2026-06-24 13:20:18,2026-05-03 16:00:00,RFID-030,GPS432,GPS,14.579747,120.959066,,,False,,,Pharma,Sampaloc,Mandaluyong City,1,VH-030,DR-030,Delayed,2026-05-04 23:00:00,2026-05-05 09:00:00,Weather,10.0,16,2026-05-03
2026-06-24 13:20:21,2026-05-03 16:00:00,RFID-026,GPS257,GPS,14.647806,121.016971,,,False,,,Frozen,Sampaloc,Pateros,49,VH-026,DR-026,Delivered,2026-05-04 09:00:00,2026-05-04 09:00:00,,0.0,16,2026-05-03
2026-06-24 13:20:22,2026-05-03 16:00:00,RFID-009,GPS224,GPS,14.484798,121.041561,,,False,,,Cool-Chain,Las Piñas City,Marikina Heights,6,VH-009,DR-009,Delivered,2026-05-04 04:00:00,2026-05-04 04:00:00,,0.0,16,2026-05-03
2026-06-24 13:20:23,2026-05-03 16:00:00,RFID-043,GPS679,GPS,12.184896,122.351272,,,False,,,Industrial,General Mariano Alvarez,Davao,11,VH-043,DR-043,Delivered,2026-05-05 13:00:00,2026-05-05 13:00:00,,0.0,16,2026-05-03
2026-06-24 13:20:24,2026-05-03 16:00:00,RFID-044,GPS261,GPS,7.028496,125.555261,,,False,,,Pharma,Davao,Banco Filipino International Village,26,VH-044,DR-044,Delayed,2026-05-06 10:00:00,2026-05-06 21:00:00,Route change,11.0,16,2026-05-03
2026-06-24 13:20:29,2026-05-03 16:00:00,RFID-034,GPS506,GPS,14.607404,121.026883,,,False,,,Frozen,Santamesa,Malate,4,VH-034,DR-034,Delivered,2026-05-05 19:00:00,2026-05-05 19:00:00,,0.0,16,2026-05-03
2026-06-24 13:20:30,2026-05-03 17:00:00,RFID-031,GPS453,GPS,14.616769,121.006659,,,False,,,Frozen,Caloocan City,Marikina Heights,33,VH-031,DR-031,Delayed,2026-05-04 15:00:00,2026-05-04 17:00:00,RFID flag,2.0,17,2026-05-03
2026-06-24 13:20:30,2026-05-03 17:00:00,RFID-001,GPS259,GPS,14.626771,121.074513,,,False,,,Pharma,Tatalon,Pasig City,9,VH-001,DR-001,Delivered,2026-05-05 20:00:00,2026-05-05 20:00:00,,0.0,17,2026-05-03
2026-06-24 13:20:32,2026-05-03 17:00:00,RFID-037,GPS757,GPS,14.603843,121.024748,,,False,,,Industrial,Sampaloc,Pinyahan,7,VH-037,DR-037,Delivered,2026-05-05 07:00:00,2026-05-05 07:00:00,,0.0,17,2026-05-03
2026-06-24 13:20:35,2026-05-03 17:00:00,RFID-020,GPS980,GPS,14.516194,121.005058,,,False,,,Industrial,Malabon,San Antonio,49,VH-020,DR-020,Delivered,2026-05-05 14:00:00,2026-05-05 14:00:00,,0.0,17,2026-05-03
2026-06-24 13:20:36,2026-05-03 17:00:00,RFID-007,GPS791,GPS,14.616511,120.964036,,,False,,,Frozen,Malabon,Quiapo,25,VH-007,DR-007,Delivered,2026-05-05 21:00:00,2026-05-05 21:00:00,,0.0,17,2026-05-03
2026-06-24 13:20:37,2026-05-03 17:00:00,RFID-042,GPS965,GPS,14.605782,120.919179,,,False,,,Deep Freeze,Navotas,Pasay City,48,VH-042,DR-042,Delivered,2026-05-05 14:00:00,2026-05-05 14:00:00,,0.0,17,2026-05-03
2026-06-24 13:20:38,2026-05-03 18:00:00,RFID-034,GPS474,GPS,14.631384,121.036273,,,False,,,Frozen,Santamesa,Malate,4,VH-034,DR-034,Delivered,2026-05-05 19:00:00,2026-05-05 19:00:00,,0.0,18,2026-05-03
2026-06-24 13:20:42,2026-05-03 18:00:00,RFID-043,GPS858,GPS,11.217163,122.928387,,,False,,,Industrial,General Mariano Alvarez,Davao,11,VH-043,DR-043,Delivered,2026-05-05 13:00:00,2026-05-05 13:00:00,,0.0,18,2026-05-03
2026-06-24 13:20:44,2026-05-03 18:00:00,RFID-044,GPS183,GPS,8.149715,124.897776,,,False,,,Pharma,Davao,Banco Filipino International Village,26,VH-044,DR-044,Delayed,2026-05-06 10:00:00,2026-05-06 21:00:00,Route change,11.0,18,2026-05-03
2026-06-24 13:20:46,2026-05-03 18:00:00,RFID-009,GPS783,GPS,14.50376,121.04977,,,False,,,Cool-Chain,Las Piñas City,Marikina Heights,6,VH-009,DR-009,Delivered,2026-05-04 04:00:00,2026-05-04 04:00:00,,0.0,18,2026-05-03
2026-06-24 13:20:47,2026-05-03 18:00:00,RFID-030,GPS483,GPS,14.626114,120.98948,,,False,,,Pharma,Sampaloc,Mandaluyong City,1,VH-030,DR-030,Delayed,2026-05-04 23:00:00,2026-05-05 09:00:00,Weather,10.0,18,2026-05-03
2026-06-24 13:20:48,2026-05-03 18:00:00,RFID-010,GPS383,GPS,14.687378,121.067086,,,False,,,Dry Goods,Bagong Pag-Asa,Mandaluyong City,11,VH-010,DR-010,Delivered,2026-05-05 06:00:00,2026-05-05 06:00:00,,0.0,18,2026-05-03
2026-06-24 13:20:49,2026-05-03 18:00:00,RFID-026,GPS621,GPS,14.594609,121.033132,,,False,,,Frozen,Sampaloc,Pateros,49,VH-026,DR-026,Delivered,2026-05-04 09:00:00,2026-05-04 09:00:00,,0.0,18,2026-05-03
2026-06-24 13:20:51,2026-05-03 19:00:00,RFID-042,GPS385,GPS,14.622312,120.928174,,,False,,,Deep Freeze,Navotas,Pasay City,48,VH-042,DR-042,Delivered,2026-05-05 14:00:00,2026-05-05 14:00:00,,0.0,19,2026-05-03
2026-06-24 13:20:51,2026-05-03 19:00:00,RFID-031,GPS534,GPS,14.700222,121.013644,,,False,,,Frozen,Caloocan City,Marikina Heights,33,VH-031,DR-031,Delayed,2026-05-04 15:00:00,2026-05-04 17:00:00,RFID flag,2.0,19,2026-05-03
2026-06-24 13:20:55,2026-05-03 19:00:00,RFID-007,GPS915,GPS,14.597084,120.970461,,,False,,,Frozen,Malabon,Quiapo,25,VH-007,DR-007,Delivered,2026-05-05 21:00:00,2026-05-05 21:00:00,,0.0,19,2026-05-03
2026-06-24 13:20:56,2026-05-03 19:00:00,RFID-001,GPS834,GPS,14.555935,121.069497,,,False,,,Pharma,Tatalon,Pasig City,9,VH-001,DR-001,Delivered,2026-05-05 20:00:00,2026-05-05 20:00:00,,0.0,19,2026-05-03
2026-06-24 13:20:57,2026-05-03 19:00:00,RFID-037,GPS151,GPS,14.627592,121.061852,,,False,,,Industrial,Sampaloc,Pinyahan,7,VH-037,DR-037,Delivered,2026-05-05 07:00:00,2026-05-05 07:00:00,,0.0,19,2026-05-03
2026-06-24 13:20:58,2026-05-03 19:00:00,RFID-020,GPS682,GPS,14.502224,121.013826,,,False,,,Industrial,Malabon,San Antonio,49,VH-020,DR-020,Delivered,2026-05-05 14:00:00,2026-05-05 14:00:00,,0.0,19,2026-05-03
2026-06-24 13:21:02,2026-05-03 20:00:00,RFID-026,GPS594,GPS,14.606984,121.012292,,,False,,,Frozen,Sampaloc,Pateros,49,VH-026,DR-026,Delivered,2026-05-04 09:00:00,2026-05-04 09:00:00,,0.0,20,2026-05-03
2026-06-24 13:21:02,2026-05-03 20:00:00,RFID-034,GPS370,GPS,14.538573,120.991643,,,False,,,Frozen,Santamesa,Malate,4,VH-034,DR-034,Delivered,2026-05-05 19:00:00,2026-05-05 19:00:00,,0.0,20,2026-05-03
2026-06-24 13:21:04,2026-05-03 20:00:00,RFID-009,GPS424,GPS,14.540285,121.045335,,,False,,,Cool-Chain,Las Piñas City,Marikina Heights,6,VH-009,DR-009,Delivered,2026-05-04 04:00:00,2026-05-04 04:00:00,,0.0,20,2026-05-03
2026-06-24 13:21:05,2026-05-03 20:00:00,RFID-030,GPS521,GPS,14.586269,120.988534,,,False,,,Pharma,Sampaloc,Mandaluyong City,1,VH-030,DR-030,Delayed,2026-05-04 23:00:00,2026-05-05 09:00:00,Weather,10.0,20,2026-05-03
2026-06-24 13:21:06,2026-05-03 20:00:00,RFID-043,GPS864,GPS,10.181889,123.581637,,,False,,,Industrial,General Mariano Alvarez,Davao,11,VH-043,DR-043,Delivered,2026-05-05 13:00:00,2026-05-05 13:00:00,,0.0,20,2026-05-03
2026-06-24 13:21:07,2026-05-03 20:00:00,RFID-044,GPS597,GPS,9.155753,124.301794,,,False,,,Pharma,Davao,Banco Filipino International Village,26,VH-044,DR-044,Delayed,2026-05-06 10:00:00,2026-05-06 21:00:00,Route change,11.0,20,2026-05-03
2026-06-24 13:21:09,2026-05-03 20:00:00,RFID-010,GPS741,GPS,14.677039,121.034787,,,False,,,Dry Goods,Bagong Pag-Asa,Mandaluyong City,11,VH-010,DR-010,Delivered,2026-05-05 06:00:00,2026-05-05 06:00:00,,0.0,20,2026-05-03
2026-06-24 13:21:10,2026-05-03 21:00:00,RFID-007,GPS390,GPS,14.640739,120.992314,,,False,,,Frozen,Malabon,Quiapo,25,VH-007,DR-007,Delivered,2026-05-05 21:00:00,2026-05-05 21:00:00,,0.0,21,2026-05-03
2026-06-24 13:21:11,2026-05-03 21:00:00,RFID-001,GPS973,GPS,14.553888,121.086507,,,False,,,Pharma,Tatalon,Pasig City,9,VH-001,DR-001,Delivered,2026-05-05 20:00:00,2026-05-05 20:00:00,,0.0,21,2026-05-03
2026-06-24 13:21:13,2026-05-03 21:00:00,RFID-020,GPS857,GPS,14.477703,121.042063,,,False,,,Industrial,Malabon,San Antonio,49,VH-020,DR-020,Delivered,2026-05-05 14:00:00,2026-05-05 14:00:00,,0.0,21,2026-05-03
2026-06-24 13:21:15,2026-05-03 21:00:00,RFID-031,GPS409,GPS,14.670974,121.050655,,,False,,,Frozen,Caloocan City,Marikina Heights,33,VH-031,DR-031,Delayed,2026-05-04 15:00:00,2026-05-04 17:00:00,RFID flag,2.0,21,2026-05-03
2026-06-24 13:21:15,2026-05-03 21:00:00,RFID-037,GPS228,GPS,14.647594,120.995371,,,False,,,Industrial,Sampaloc,Pinyahan,7,VH-037,DR-037,Delivered,2026-05-05 07:00:00,2026-05-05 07:00:00,,0.0,21,2026-05-03
2026-06-24 13:21:17,2026-05-03 17:00:00,RFID-042,GPS965,GPS,14.607424,121.005736,,,False,,,Deep Freeze,Navotas,Pasay City,48,VH-042,DR-042,Delivered,2026-05-05 14:00:00,2026-05-05 14:00:00,,0.0,17,2026-05-03
2026-06-24 13:21:19,2026-05-03 22:00:00,RFID-030,GPS274,GPS,14.596493,121.047338,,,False,,,Pharma,Sampaloc,Mandaluyong City,1,VH-030,DR-030,Delayed,2026-05-04 23:00:00,2026-05-05 09:00:00,Weather,10.0,22,2026-05-03
2026-06-24 13:21:20,2026-05-03 22:00:00,RFID-044,GPS320,GPS,10.243522,123.619818,,,False,,,Pharma,Davao,Banco Filipino International Village,26,VH-044,DR-044,Delayed,2026-05-06 10:00:00,2026-05-06 21:00:00,Route change,11.0,22,2026-05-03
2026-06-24 13:21:21,2026-05-03 22:00:00,RFID-043,GPS564,GPS,9.138763,124.273334,,,False,,,Industrial,General Mariano Alvarez,Davao,11,VH-043,DR-043,Delivered,2026-05-05 13:00:00,2026-05-05 13:00:00,,0.0,22,2026-05-03
2026-06-24 13:21:23,2026-05-03 22:00:00,RFID-027,GPS843,GPS,14.559717,120.933257,,,False,,,Industrial,Paco,Pansol,11,VH-027,DR-027,Delivered,2026-05-04 18:00:00,2026-05-04 18:00:00,,0.0,22,2026-05-03
2026-06-24 13:21:23,2026-05-03 22:00:00,RFID-026,GPS664,GPS,14.626139,121.004387,,,False,,,Frozen,Sampaloc,Pateros,49,VH-026,DR-026,Delivered,2026-05-04 09:00:00,2026-05-04 09:00:00,,0.0,22,2026-05-03
2026-06-24 13:21:24,2026-05-03 22:00:00,RFID-009,GPS727,GPS,14.611233,121.0984,,,False,,,Cool-Chain,Las Piñas City,Marikina Heights,6,VH-009,DR-009,Delivered,2026-05-04 04:00:00,2026-05-04 04:00:00,,0.0,22,2026-05-03
2026-06-24 13:21:25,2026-05-03 22:00:00,RFID-010,GPS830,GPS,14.612639,121.026202,,,False,,,Dry Goods,Bagong Pag-Asa,Mandaluyong City,11,VH-010,DR-010,Delivered,2026-05-05 06:00:00,2026-05-05 06:00:00,,0.0,22,2026-05-03
2026-06-24 13:21:27,2026-05-03 22:00:00,RFID-034,GPS788,GPS,14.578086,120.994036,,,False,,,Frozen,Santamesa,Malate,4,VH-034,DR-034,Delivered,2026-05-05 19:00:00,2026-05-05 19:00:00,,0.0,22,2026-05-03
2026-06-24 13:21:30,2026-05-03 23:00:00,RFID-031,GPS594,GPS,14.62235,121.064684,,,False,,,Frozen,Caloocan City,Marikina Heights,33,VH-031,DR-031,Delayed,2026-05-04 15:00:00,2026-05-04 17:00:00,RFID flag,2.0,23,2026-05-03
2026-06-24 13:21:33,2026-05-03 23:00:00,RFID-042,GPS736,GPS,14.589439,121.010086,,,False,,,Deep Freeze,Navotas,Pasay City,48,VH-042,DR-042,Delivered,2026-05-05 14:00:00,2026-05-05 14:00:00,,0.0,23,2026-05-03
2026-06-24 13:21:33,2026-05-03 23:00:00,RFID-007,GPS443,GPS,14.610117,120.993008,,,False,,,Frozen,Malabon,Quiapo,25,VH-007,DR-007,Delivered,2026-05-05 21:00:00,2026-05-05 21:00:00,,0.0,23,2026-05-03
2026-06-24 13:21:34,2026-05-03 23:00:00,RFID-037,GPS949,GPS,14.652884,120.997806,,,False,,,Industrial,Sampaloc,Pinyahan,7,VH-037,DR-037,Delivered,2026-05-05 07:00:00,2026-05-05 07:00:00,,0.0,23,2026-05-03
2026-06-24 13:21:35,2026-05-03 23:00:00,RFID-001,GPS966,GPS,14.536898,121.075353,,,False,,,Pharma,Tatalon,Pasig City,9,VH-001,DR-001,Delivered,2026-05-05 20:00:00,2026-05-05 20:00:00,,0.0,23,2026-05-03
2026-06-24 13:21:40,2026-05-04 00:00:00,RFID-043,GPS838,GPS,8.086947,124.929862,,,False,,,Industrial,General Mariano Alvarez,Davao,11,VH-043,DR-043,Delivered,2026-05-05 13:00:00,2026-05-05 13:00:00,,0.0,0,2026-05-04
2026-06-24 13:21:40,2026-05-04 00:00:00,RFID-027,GPS775,GPS,14.572627,121.005551,,,False,,,Industrial,Paco,Pansol,11,VH-027,DR-027,Delivered,2026-05-04 18:00:00,2026-05-04 18:00:00,,0.0,0,2026-05-04
2026-06-24 13:21:41,2026-05-04 00:00:00,RFID-030,GPS491,GPS,14.554107,121.033006,,,False,,,Pharma,Sampaloc,Mandaluyong City,1,VH-030,DR-030,Delayed,2026-05-04 23:00:00,2026-05-05 09:00:00,Weather,10.0,0,2026-05-04
2026-06-24 13:21:43,2026-05-04 00:00:00,RFID-034,GPS490,GPS,14.594215,120.971145,,,False,,,Frozen,Santamesa,Malate,4,VH-034,DR-034,Delivered,2026-05-05 19:00:00,2026-05-05 19:00:00,,0.0,0,2026-05-04
2026-06-24 13:21:43,2026-05-04 00:00:00,RFID-026,GPS713,GPS,14.53425,121.008347,,,False,,,Frozen,Sampaloc,Pateros,49,VH-026,DR-026,Delivered,2026-05-04 09:00:00,2026-05-04 09:00:00,,0.0,0,2026-05-04
2026-06-24 13:21:45,2026-05-04 00:00:00,RFID-010,GPS427,GPS,14.605544,121.008943,,,False,,,Dry Goods,Bagong Pag-Asa,Mandaluyong City,11,VH-010,DR-010,Delivered,2026-05-05 06:00:00,2026-05-05 06:00:00,,0.0,0,2026-05-04
2026-06-24 13:21:46,2026-05-04 00:00:00,RFID-009,GPS536,GPS,14.626786,121.118273,,,False,,,Cool-Chain,Las Piñas City,Marikina Heights,6,VH-009,DR-009,Delivered,2026-05-04 04:00:00,2026-05-04 04:00:00,,0.0,0,2026-05-04
2026-06-24 13:21:50,2026-05-04 00:00:00,RFID-044,GPS540,GPS,11.31258,122.932582,,,False,,,Pharma,Davao,Banco Filipino International Village,26,VH-044,DR-044,Delayed,2026-05-06 10:00:00,2026-05-06 21:00:00,Route change,11.0,0,2026-05-04
2026-06-24 13:21:51,2026-05-04 01:00:00,RFID-007,GPS340,GPS,14.559339,121.0282,,,False,,,Frozen,Malabon,Quiapo,25,VH-007,DR-007,Delivered,2026-05-05 21:00:00,2026-05-05 21:00:00,,0.0,1,2026-05-04
2026-06-24 13:21:53,2026-05-04 01:00:00,RFID-037,GPS321,GPS,14.655973,121.004273,,,False,,,Industrial,Sampaloc,Pinyahan,7,VH-037,DR-037,Delivered,2026-05-05 07:00:00,2026-05-05 07:00:00,,0.0,1,2026-05-04
2026-06-24 13:21:54,2026-05-04 01:00:00,RFID-031,GPS467,GPS,14.61358,121.085594,,,False,,,Frozen,Caloocan City,Marikina Heights,33,VH-031,DR-031,Delayed,2026-05-04 15:00:00,2026-05-04 17:00:00,RFID flag,2.0,1,2026-05-04
2026-06-24 13:21:58,2026-05-04 01:00:00,RFID-042,GPS126,GPS,14.578029,121.005941,,,False,,,Deep Freeze,Navotas,Pasay City,48,VH-042,DR-042,Delivered,2026-05-05 14:00:00,2026-05-05 14:00:00,,0.0,1,2026-05-04
2026-06-24 13:22:01,2026-05-04 02:00:00,RFID-009,GPS262,GPS,14.6574,121.103673,,,False,,,Cool-Chain,Las Piñas City,Marikina Heights,6,VH-009,DR-009,Delivered,2026-05-04 04:00:00,2026-05-04 04:00:00,,0.0,2,2026-05-04
2026-06-24 13:22:02,2026-05-04 02:00:00,RFID-010,GPS254,GPS,14.654531,120.989386,,,False,,,Dry Goods,Bagong Pag-Asa,Mandaluyong City,11,VH-010,DR-010,Delivered,2026-05-05 06:00:00,2026-05-05 06:00:00,,0.0,2,2026-05-04
2026-06-24 13:22:03,2026-05-04 02:00:00,RFID-027,GPS651,GPS,14.601507,120.975574,,,False,,,Industrial,Paco,Pansol,11,VH-027,DR-027,Delivered,2026-05-04 18:00:00,2026-05-04 18:00:00,,0.0,2,2026-05-04
2026-06-24 13:22:04,2026-05-04 02:00:00,RFID-005,GPS439,GPS,14.706252,121.010466,,,False,,,Cool-Chain,Karuhatan,Quiapo,10,VH-005,DR-005,Delivered,2026-05-06 10:00:00,2026-05-06 10:00:00,,0.0,2,2026-05-04
2026-06-24 13:22:04,2026-05-04 02:00:00,RFID-044,GPS707,GPS,12.302446,122.331822,,,False,,,Pharma,Davao,Banco Filipino International Village,26,VH-044,DR-044,Delayed,2026-05-06 10:00:00,2026-05-06 21:00:00,Route change,11.0,2,2026-05-04
2026-06-24 13:22:05,2026-05-04 02:00:00,RFID-034,GPS210,GPS,14.596442,121.035329,,,False,,,Frozen,Santamesa,Malate,4,VH-034,DR-034,Delivered,2026-05-05 19:00:00,2026-05-05 19:00:00,,0.0,2,2026-05-04
2026-06-24 13:22:06,2026-05-04 02:00:00,RFID-043,GPS710,GPS,7.052438,125.644141,,,False,,,Industrial,General Mariano Alvarez,Davao,11,VH-043,DR-043,Delivered,2026-05-05 13:00:00,2026-05-05 13:00:00,,0.0,2,2026-05-04
2026-06-24 13:22:07,2026-05-04 02:00:00,RFID-030,GPS697,GPS,14.595271,121.000112,,,False,,,Pharma,Sampaloc,Mandaluyong City,1,VH-030,DR-030,Delayed,2026-05-04 23:00:00,2026-05-05 09:00:00,Weather,10.0,2,2026-05-04
2026-06-24 13:22:09,2026-05-04 02:00:00,RFID-024,GPS786,GPS,14.584596,120.963531,,,False,,,Industrial,Santa Cruz,Bel-Air,1,VH-024,DR-024,Delivered,2026-05-06 00:00:00,2026-05-06 00:00:00,,0.0,2,2026-05-04
2026-06-24 13:22:12,2026-05-04 02:00:00,RFID-026,GPS984,GPS,14.562281,121.08649,,,False,,,Frozen,Sampaloc,Pateros,49,VH-026,DR-026,Delivered,2026-05-04 09:00:00,2026-05-04 09:00:00,,0.0,2,2026-05-04
2026-06-24 13:22:13,2026-05-04 03:00:00,RFID-042,GPS810,GPS,14.560899,121.015783,,,False,,,Deep Freeze,Navotas,Pasay City,48,VH-042,DR-042,Delivered,2026-05-05 14:00:00,2026-05-05 14:00:00,,0.0,3,2026-05-04
2026-06-24 13:22:14,2026-05-04 03:00:00,RFID-031,GPS402,GPS,14.660881,121.167969,,,False,,,Frozen,Caloocan City,Marikina Heights,33,VH-031,DR-031,Delayed,2026-05-04 15:00:00,2026-05-04 17:00:00,RFID flag,2.0,3,2026-05-04
2026-06-24 13:22:15,2026-05-04 03:00:00,RFID-037,GPS892,GPS,14.666034,121.013128,,,False,,,Industrial,Sampaloc,Pinyahan,7,VH-037,DR-037,Delivered,2026-05-05 07:00:00,2026-05-05 07:00:00,,0.0,3,2026-05-04
2026-06-24 13:22:16,2026-05-04 04:00:00,RFID-030,GPS360,GPS,14.544312,121.026115,,,False,,,Pharma,Sampaloc,Mandaluyong City,1,VH-030,DR-030,Delayed,2026-05-04 23:00:00,2026-05-05 09:00:00,Weather,10.0,4,2026-05-04
2026-06-24 13:22:19,2026-05-04 04:00:00,RFID-044,GPS146,GPS,13.394292,121.673513,,,False,,,Pharma,Davao,Banco Filipino International Village,26,VH-044,DR-044,Delayed,2026-05-06 10:00:00,2026-05-06 21:00:00,Route change,11.0,4,2026-05-04
2026-06-24 13:22:20,2026-05-04 04:00:00,RFID-027,GPS881,GPS,14.610748,121.007815,,,False,,,Industrial,Paco,Pansol,11,VH-027,DR-027,Delivered,2026-05-04 18:00:00,2026-05-04 18:00:00,,0.0,4,2026-05-04
2026-06-24 13:22:22,2026-05-04 04:00:00,RFID-005,GPS367,GPS,14.719609,120.93862,,,False,,,Cool-Chain,Karuhatan,Quiapo,10,VH-005,DR-005,Delivered,2026-05-06 10:00:00,2026-05-06 10:00:00,,0.0,4,2026-05-04
2026-06-24 13:22:23,2026-05-04 04:00:00,RFID-024,GPS521,GPS,14.555131,120.952868,,,False,,,Industrial,Santa Cruz,Bel-Air,1,VH-024,DR-024,Delivered,2026-05-06 00:00:00,2026-05-06 00:00:00,,0.0,4,2026-05-04
2026-06-24 13:22:24,2026-05-04 04:00:00,RFID-009,GPS365,GPS,14.677766,121.116167,,,False,,,Cool-Chain,Las Piñas City,Marikina Heights,6,VH-009,DR-009,Delivered,2026-05-04 04:00:00,2026-05-04 04:00:00,,0.0,4,2026-05-04
2026-06-24 13:22:26,2026-05-04 04:00:00,RFID-010,GPS823,GPS,14.576612,121.050281,,,False,,,Dry Goods,Bagong Pag-Asa,Mandaluyong City,11,VH-010,DR-010,Delivered,2026-05-05 06:00:00,2026-05-05 06:00:00,,0.0,4,2026-05-04
2026-06-24 13:22:27,2026-05-04 04:00:00,RFID-026,GPS974,GPS,14.51011,121.085096,,,False,,,Frozen,Sampaloc,Pateros,49,VH-026,DR-026,Delivered,2026-05-04 09:00:00,2026-05-04 09:00:00,,0.0,4,2026-05-04
2026-06-24 13:22:28,2026-05-04 05:00:00,RFID-037,GPS102,GPS,14.604755,121.086153,,,False,,,Industrial,Sampaloc,Pinyahan,7,VH-037,DR-037,Delivered,2026-05-05 07:00:00,2026-05-05 07:00:00,,0.0,5,2026-05-04
2026-06-24 13:22:30,2026-05-04 06:00:00,RFID-005,GPS371,GPS,14.630928,121.024325,,,False,,,Cool-Chain,Karuhatan,Quiapo,10,VH-005,DR-005,Delivered,2026-05-06 10:00:00,2026-05-06 10:00:00,,0.0,6,2026-05-04
2026-06-24 13:22:31,2026-05-04 06:00:00,RFID-027,GPS429,GPS,14.626429,121.033963,,,False,,,Industrial,Paco,Pansol,11,VH-027,DR-027,Delivered,2026-05-04 18:00:00,2026-05-04 18:00:00,,0.0,6,2026-05-04
2026-06-24 13:22:34,2026-05-04 06:00:00,RFID-044,GPS156,GPS,14.421952,121.048045,,,False,,,Pharma,Davao,Banco Filipino International Village,26,VH-044,DR-044,Delayed,2026-05-06 10:00:00,2026-05-06 21:00:00,Route change,11.0,6,2026-05-04
2026-06-24 13:22:35,2026-05-04 06:00:00,RFID-010,GPS438,GPS,14.563138,121.02193,,,False,,,Dry Goods,Bagong Pag-Asa,Mandaluyong City,11,VH-010,DR-010,Delivered,2026-05-05 06:00:00,2026-05-05 06:00:00,,0.0,6,2026-05-04
2026-06-24 13:22:36,2026-05-04 06:00:00,RFID-026,GPS619,GPS,14.536294,121.110525,,,False,,,Frozen,Sampaloc,Pateros,49,VH-026,DR-026,Delivered,2026-05-04 09:00:00,2026-05-04 09:00:00,,0.0,6,2026-05-04
2026-06-24 13:22:37,2026-05-04 06:00:00,RFID-024,GPS510,GPS,14.60891,120.972193,,,False,,,Industrial,Santa Cruz,Bel-Air,1,VH-024,DR-024,Delivered,2026-05-06 00:00:00,2026-05-06 00:00:00,,0.0,6,2026-05-04
2026-06-24 13:22:40,2026-05-04 08:00:00,RFID-010,GPS311,GPS,14.584261,121.021577,,,False,,,Dry Goods,Bagong Pag-Asa,Mandaluyong City,11,VH-010,DR-010,Delivered,2026-05-05 06:00:00,2026-05-05 06:00:00,,0.0,8,2026-05-04
2026-06-24 13:22:42,2026-05-04 08:00:00,RFID-011,GPS888,GPS,14.633089,120.969148,,,False,,,Frozen,Santa Cruz,San Andres,39,VH-011,DR-011,Delivered,2026-05-06 14:00:00,2026-05-06 14:00:00,,0.0,8,2026-05-04
2026-06-24 13:22:43,2026-05-04 08:00:00,RFID-005,GPS453,GPS,14.604283,120.988714,,,False,,,Cool-Chain,Karuhatan,Quiapo,10,VH-005,DR-005,Delivered,2026-05-06 10:00:00,2026-05-06 10:00:00,,0.0,8,2026-05-04
2026-06-24 13:22:45,2026-05-04 08:00:00,RFID-024,GPS565,GPS,14.615771,121.004967,,,False,,,Industrial,Santa Cruz,Bel-Air,1,VH-024,DR-024,Delivered,2026-05-06 00:00:00,2026-05-06 00:00:00,,0.0,8,2026-05-04
2026-06-24 13:22:46,2026-05-04 08:00:00,RFID-027,GPS344,GPS,14.668817,121.100363,,,False,,,Industrial,Paco,Pansol,11,VH-027,DR-027,Delivered,2026-05-04 18:00:00,2026-05-04 18:00:00,,0.0,8,2026-05-04
2026-06-24 13:22:49,2026-05-04 09:00:00,RFID-039,GPS144,GPS,14.509784,121.082642,,,False,,,Deep Freeze,Western Bicutan,Malate,11,VH-039,DR-039,Delivered,2026-05-07 04:00:00,2026-05-07 04:00:00,,0.0,9,2026-05-04
2026-06-24 13:22:54,2026-05-04 10:00:00,RFID-027,GPS894,GPS,14.648808,121.039499,,,False,,,Industrial,Paco,Pansol,11,VH-027,DR-027,Delivered,2026-05-04 18:00:00,2026-05-04 18:00:00,,0.0,10,2026-05-04
2026-06-24 13:22:54,2026-05-04 10:00:00,RFID-011,GPS977,GPS,14.604508,121.003138,,,False,,,Frozen,Santa Cruz,San Andres,39,VH-011,DR-011,Delivered,2026-05-06 14:00:00,2026-05-06 14:00:00,,0.0,10,2026-05-04
2026-06-24 13:22:55,2026-05-04 10:00:00,RFID-005,GPS720,GPS,14.660697,120.961411,,,False,,,Cool-Chain,Karuhatan,Quiapo,10,VH-005,DR-005,Delivered,2026-05-06 10:00:00,2026-05-06 10:00:00,,0.0,10,2026-05-04
2026-06-24 13:22:56,2026-05-04 10:00:00,RFID-024,GPS218,GPS,14.538092,120.981783,,,False,,,Industrial,Santa Cruz,Bel-Air,1,VH-024,DR-024,Delivered,2026-05-06 00:00:00,2026-05-06 00:00:00,,0.0,10,2026-05-04
2026-06-24 13:22:58,2026-05-04 11:00:00,RFID-003,GPS466,GPS,18.04722,121.753989,,,False,,,Industrial,Canagatan,Mandaluyong City,13,VH-003,DR-003,Delivered,2026-05-06 07:00:00,2026-05-06 07:00:00,,0.0,11,2026-05-04
2026-06-24 13:22:59,2026-05-04 11:00:00,RFID-039,GPS774,GPS,14.539953,121.072289,,,False,,,Deep Freeze,Western Bicutan,Malate,11,VH-039,DR-039,Delivered,2026-05-07 04:00:00,2026-05-07 04:00:00,,0.0,11,2026-05-04
2026-06-24 13:23:02,2026-05-04 12:00:00,RFID-024,GPS626,GPS,14.621176,121.003546,,,False,,,Industrial,Santa Cruz,Bel-Air,1,VH-024,DR-024,Delivered,2026-05-06 00:00:00,2026-05-06 00:00:00,,0.0,12,2026-05-04
2026-06-24 13:23:04,2026-05-04 12:00:00,RFID-005,GPS690,GPS,14.673652,120.942593,,,False,,,Cool-Chain,Karuhatan,Quiapo,10,VH-005,DR-005,Delivered,2026-05-06 10:00:00,2026-05-06 10:00:00,,0.0,12,2026-05-04
2026-06-24 13:23:05,2026-05-04 12:00:00,RFID-011,GPS588,GPS,14.630466,120.99454,,,False,,,Frozen,Santa Cruz,San Andres,39,VH-011,DR-011,Delivered,2026-05-06 14:00:00,2026-05-06 14:00:00,,0.0,12,2026-05-04
2026-06-24 13:23:06,2026-05-04 12:00:00,RFID-027,GPS584,GPS,14.642478,121.061818,,,False,,,Industrial,Paco,Pansol,11,VH-027,DR-027,Delivered,2026-05-04 18:00:00,2026-05-04 18:00:00,,0.0,12,2026-05-04
2026-06-24 13:23:07,2026-05-04 13:00:00,RFID-045,GPS316,GPS,14.511269,121.056642,,,False,,,Frozen,Pasig City,Pateros,27,VH-045,DR-045,Delivered,2026-05-06 14:00:00,2026-05-06 14:00:00,,0.0,13,2026-05-04
2026-06-24 13:23:09,2026-05-04 13:00:00,RFID-039,GPS131,GPS,14.527202,121.020533,,,False,,,Deep Freeze,Western Bicutan,Malate,11,VH-039,DR-039,Delivered,2026-05-07 04:00:00,2026-05-07 04:00:00,,0.0,13,2026-05-04
2026-06-24 13:23:09,2026-05-04 13:00:00,RFID-050,GPS635,GPS,14.567676,120.997842,,,False,,,Clothing,San Andres,Caloocan City,35,VH-050,DR-050,Delivered,2026-05-06 00:00:00,2026-05-06 00:00:00,,0.0,13,2026-05-04
2026-06-24 13:23:11,2026-05-04 13:00:00,RFID-003,GPS205,GPS,17.482436,121.664953,,,False,,,Industrial,Canagatan,Mandaluyong City,13,VH-003,DR-003,Delivered,2026-05-06 07:00:00,2026-05-06 07:00:00,,0.0,13,2026-05-04
2026-06-24 13:23:14,2026-05-04 14:00:00,RFID-005,GPS546,GPS,14.581622,120.936453,,,False,,,Cool-Chain,Karuhatan,Quiapo,10,VH-005,DR-005,Delivered,2026-05-06 10:00:00,2026-05-06 10:00:00,,0.0,14,2026-05-04
2026-06-24 13:23:15,2026-05-04 14:00:00,RFID-024,GPS990,GPS,14.601521,120.969829,,,False,,,Industrial,Santa Cruz,Bel-Air,1,VH-024,DR-024,Delivered,2026-05-06 00:00:00,2026-05-06 00:00:00,,0.0,14,2026-05-04
2026-06-24 13:23:15,2026-05-04 14:00:00,RFID-011,GPS871,GPS,14.53929,120.975533,,,False,,,Frozen,Santa Cruz,San Andres,39,VH-011,DR-011,Delivered,2026-05-06 14:00:00,2026-05-06 14:00:00,,0.0,14,2026-05-04
2026-06-24 13:23:18,2026-05-04 15:00:00,RFID-039,GPS511,GPS,14.488968,121.015941,,,False,,,Deep Freeze,Western Bicutan,Malate,11,VH-039,DR-039,Delivered,2026-05-07 04:00:00,2026-05-07 04:00:00,,0.0,15,2026-05-04
2026-06-24 13:23:19,2026-05-04 15:00:00,RFID-022,GPS217,GPS,14.626191,120.946982,,,False,,,Industrial,Manila,Bayanan,7,VH-022,DR-022,Delivered,2026-05-06 11:00:00,2026-05-06 11:00:00,,0.0,15,2026-05-04
2026-06-24 13:23:20,2026-05-04 15:00:00,RFID-003,GPS995,GPS,17.008225,121.585988,,,False,,,Industrial,Canagatan,Mandaluyong City,13,VH-003,DR-003,Delivered,2026-05-06 07:00:00,2026-05-06 07:00:00,,0.0,15,2026-05-04
2026-06-24 13:23:22,2026-05-04 15:00:00,RFID-050,GPS389,GPS,14.595752,120.985447,,,False,,,Clothing,San Andres,Caloocan City,35,VH-050,DR-050,Delivered,2026-05-06 00:00:00,2026-05-06 00:00:00,,0.0,15,2026-05-04
2026-06-24 13:23:23,2026-05-04 15:00:00,RFID-016,GPS893,GPS,14.409991,121.078362,,,False,,,Industrial,Putatan,City of Parañaque,35,VH-016,DR-016,Delivered,2026-05-05 11:00:00,2026-05-05 11:00:00,,0.0,15,2026-05-04
2026-06-24 13:23:25,2026-05-04 15:00:00,RFID-045,GPS396,GPS,14.584992,121.101573,,,False,,,Frozen,Pasig City,Pateros,27,VH-045,DR-045,Delivered,2026-05-06 14:00:00,2026-05-06 14:00:00,,0.0,15,2026-05-04
2026-06-24 13:23:28,2026-05-04 16:00:00,RFID-005,GPS651,GPS,14.550169,121.025558,,,False,,,Cool-Chain,Karuhatan,Quiapo,10,VH-005,DR-005,Delivered,2026-05-06 10:00:00,2026-05-06 10:00:00,,0.0,16,2026-05-04
2026-06-24 13:23:29,2026-05-04 16:00:00,RFID-024,GPS292,GPS,14.568159,121.017625,,,False,,,Industrial,Santa Cruz,Bel-Air,1,VH-024,DR-024,Delivered,2026-05-06 00:00:00,2026-05-06 00:00:00,,0.0,16,2026-05-04
2026-06-24 13:23:30,2026-05-04 16:00:00,RFID-011,GPS955,GPS,14.573999,121.032907,,,False,,,Frozen,Santa Cruz,San Andres,39,VH-011,DR-011,Delivered,2026-05-06 14:00:00,2026-05-06 14:00:00,,0.0,16,2026-05-04
2026-06-24 13:23:33,2026-05-04 17:00:00,RFID-045,GPS864,GPS,14.538827,121.024587,,,False,,,Frozen,Pasig City,Pateros,27,VH-045,DR-045,Delivered,2026-05-06 14:00:00,2026-05-06 14:00:00,,0.0,17,2026-05-04
2026-06-24 13:23:33,2026-05-04 17:00:00,RFID-050,GPS795,GPS,14.584385,121.021661,,,False,,,Clothing,San Andres,Caloocan City,35,VH-050,DR-050,Delivered,2026-05-06 00:00:00,2026-05-06 00:00:00,,0.0,17,2026-05-04
2026-06-24 13:23:35,2026-05-04 17:00:00,RFID-003,GPS258,GPS,16.524923,121.482066,,,False,,,Industrial,Canagatan,Mandaluyong City,13,VH-003,DR-003,Delivered,2026-05-06 07:00:00,2026-05-06 07:00:00,,0.0,17,2026-05-04
2026-06-24 13:23:36,2026-05-04 17:00:00,RFID-016,GPS848,GPS,14.411378,121.023543,,,False,,,Industrial,Putatan,City of Parañaque,35,VH-016,DR-016,Delivered,2026-05-05 11:00:00,2026-05-05 11:00:00,,0.0,17,2026-05-04
2026-06-24 13:23:37,2026-05-04 17:00:00,RFID-022,GPS372,GPS,14.573399,121.002363,,,False,,,Industrial,Manila,Bayanan,7,VH-022,DR-022,Delivered,2026-05-06 11:00:00,2026-05-06 11:00:00,,0.0,17,2026-05-04
2026-06-24 13:23:38,2026-05-04 17:00:00,RFID-039,GPS829,GPS,14.533342,120.972153,,,False,,,Deep Freeze,Western Bicutan,Malate,11,VH-039,DR-039,Delivered,2026-05-07 04:00:00,2026-05-07 04:00:00,,0.0,17,2026-05-04
2026-06-24 13:23:41,2026-05-04 18:00:00,RFID-011,GPS659,GPS,14.573202,121.02188,,,False,,,Frozen,Santa Cruz,San Andres,39,VH-011,DR-011,Delivered,2026-05-06 14:00:00,2026-05-06 14:00:00,,0.0,18,2026-05-04
2026-06-24 13:23:42,2026-05-04 19:00:00,RFID-008,GPS303,GPS,18.01728,121.772464,,,False,,,Dry Goods,Canagatan,San Antonio,37,VH-008,DR-008,Delivered,2026-05-07 12:00:00,2026-05-07 12:00:00,,0.0,19,2026-05-04
2026-06-24 13:23:43,2026-05-04 19:00:00,RFID-050,GPS762,GPS,14.616303,121.018294,,,False,,,Clothing,San Andres,Caloocan City,35,VH-050,DR-050,Delivered,2026-05-06 00:00:00,2026-05-06 00:00:00,,0.0,19,2026-05-04
2026-06-24 13:23:44,2026-05-04 19:00:00,RFID-022,GPS269,GPS,14.574749,120.955141,,,False,,,Industrial,Manila,Bayanan,7,VH-022,DR-022,Delivered,2026-05-06 11:00:00,2026-05-06 11:00:00,,0.0,19,2026-05-04
2026-06-24 13:23:47,2026-05-04 19:00:00,RFID-016,GPS351,GPS,14.436905,121.005802,,,False,,,Industrial,Putatan,City of Parañaque,35,VH-016,DR-016,Delivered,2026-05-05 11:00:00,2026-05-05 11:00:00,,0.0,19,2026-05-04
2026-06-24 13:23:48,2026-05-04 19:00:00,RFID-045,GPS645,GPS,14.546837,121.03539,,,False,,,Frozen,Pasig City,Pateros,27,VH-045,DR-045,Delivered,2026-05-06 14:00:00,2026-05-06 14:00:00,,0.0,19,2026-05-04
2026-06-24 13:23:49,2026-05-04 19:00:00,RFID-003,GPS266,GPS,16.088291,121.333674,,,False,,,Industrial,Canagatan,Mandaluyong City,13,VH-003,DR-003,Delivered,2026-05-06 07:00:00,2026-05-06 07:00:00,,0.0,19,2026-05-04
2026-06-24 13:23:49,2026-05-04 19:00:00,RFID-039,GPS182,GPS,14.589513,120.962021,,,False,,,Deep Freeze,Western Bicutan,Malate,11,VH-039,DR-039,Delivered,2026-05-07 04:00:00,2026-05-07 04:00:00,,0.0,19,2026-05-04
2026-06-24 13:23:52,2026-05-04 20:00:00,RFID-023,GPS126,GPS,14.526753,121.013471,,,False,,,Pharma,Santo Niño,Tatalon,10,VH-023,DR-023,Delivered,2026-05-07 13:00:00,2026-05-07 13:00:00,,0.0,20,2026-05-04
2026-06-24 13:23:52,2026-05-04 20:00:00,RFID-011,GPS599,GPS,14.607587,121.040295,,,False,,,Frozen,Santa Cruz,San Andres,39,VH-011,DR-011,Delivered,2026-05-06 14:00:00,2026-05-06 14:00:00,,0.0,20,2026-05-04
2026-06-24 13:23:56,2026-05-04 21:00:00,RFID-050,GPS671,GPS,14.600851,120.967498,,,False,,,Clothing,San Andres,Caloocan City,35,VH-050,DR-050,Delivered,2026-05-06 00:00:00,2026-05-06 00:00:00,,0.0,21,2026-05-04
2026-06-24 13:23:57,2026-05-04 21:00:00,RFID-003,GPS522,GPS,15.604763,121.281077,,,False,,,Industrial,Canagatan,Mandaluyong City,13,VH-003,DR-003,Delivered,2026-05-06 07:00:00,2026-05-06 07:00:00,,0.0,21,2026-05-04
2026-06-24 13:23:57,2026-05-04 21:00:00,RFID-045,GPS953,GPS,14.571896,121.071155,,,False,,,Frozen,Pasig City,Pateros,27,VH-045,DR-045,Delivered,2026-05-06 14:00:00,2026-05-06 14:00:00,,0.0,21,2026-05-04
2026-06-24 13:24:00,2026-05-04 21:00:00,RFID-016,GPS561,GPS,14.475359,120.975823,,,False,,,Industrial,Putatan,City of Parañaque,35,VH-016,DR-016,Delivered,2026-05-05 11:00:00,2026-05-05 11:00:00,,0.0,21,2026-05-04
2026-06-24 13:24:02,2026-05-04 21:00:00,RFID-008,GPS586,GPS,17.459821,121.644779,,,False,,,Dry Goods,Canagatan,San Antonio,37,VH-008,DR-008,Delivered,2026-05-07 12:00:00,2026-05-07 12:00:00,,0.0,21,2026-05-04
2026-06-24 13:24:02,2026-05-04 21:00:00,RFID-022,GPS944,GPS,14.544491,121.017904,,,False,,,Industrial,Manila,Bayanan,7,VH-022,DR-022,Delivered,2026-05-06 11:00:00,2026-05-06 11:00:00,,0.0,21,2026-05-04
2026-06-24 13:24:03,2026-05-04 21:00:00,RFID-039,GPS229,GPS,14.538583,120.962819,,,False,,,Deep Freeze,Western Bicutan,Malate,11,VH-039,DR-039,Delivered,2026-05-07 04:00:00,2026-05-07 04:00:00,,0.0,21,2026-05-04
2026-06-24 13:24:04,2026-05-04 22:00:00,RFID-015,GPS915,GPS,14.658426,121.076653,,,False,,,Electronics,Pinyahan,Central Signal Village,42,VH-015,DR-015,Delivered,2026-05-05 23:00:00,2026-05-05 23:00:00,,0.0,22,2026-05-04
2026-06-24 13:24:07,2026-05-04 22:00:00,RFID-047,GPS216,GPS,14.712413,120.997148,,,False,,,Chill/Refrigerated,Bignay,Marikina Heights,43,VH-047,DR-047,Delivered,2026-05-06 01:00:00,2026-05-06 01:00:00,,0.0,22,2026-05-04
2026-06-24 13:24:08,2026-05-04 22:00:00,RFID-023,GPS956,GPS,14.479704,121.051034,,,False,,,Pharma,Santo Niño,Tatalon,10,VH-023,DR-023,Delivered,2026-05-07 13:00:00,2026-05-07 13:00:00,,0.0,22,2026-05-04
2026-06-24 13:24:10,2026-05-04 22:00:00,RFID-011,GPS129,GPS,14.545842,120.997484,,,False,,,Frozen,Santa Cruz,San Andres,39,VH-011,DR-011,Delivered,2026-05-06 14:00:00,2026-05-06 14:00:00,,0.0,22,2026-05-04
2026-06-24 13:24:11,2026-05-04 22:00:00,RFID-014,GPS720,GPS,14.575624,120.96989,,,False,,,Pharma,Quiapo,Zamboanga City,37,VH-014,DR-014,Delivered,2026-05-06 11:00:00,2026-05-06 11:00:00,,0.0,22,2026-05-04
2026-06-24 13:24:12,2026-05-04 23:00:00,RFID-050,GPS841,GPS,14.646095,120.9581,,,False,,,Clothing,San Andres,Caloocan City,35,VH-050,DR-050,Delivered,2026-05-06 00:00:00,2026-05-06 00:00:00,,0.0,23,2026-05-04
2026-06-24 13:24:13,2026-05-04 23:00:00,RFID-016,GPS724,GPS,14.431301,121.007214,,,False,,,Industrial,Putatan,City of Parañaque,35,VH-016,DR-016,Delivered,2026-05-05 11:00:00,2026-05-05 11:00:00,,0.0,23,2026-05-04
2026-06-24 13:24:16,2026-05-04 23:00:00,RFID-008,GPS566,GPS,17.001299,121.607163,,,False,,,Dry Goods,Canagatan,San Antonio,37,VH-008,DR-008,Delivered,2026-05-07 12:00:00,2026-05-07 12:00:00,,0.0,23,2026-05-04
2026-06-24 13:24:17,2026-05-04 23:00:00,RFID-045,GPS506,GPS,14.566091,121.055202,,,False,,,Frozen,Pasig City,Pateros,27,VH-045,DR-045,Delivered,2026-05-06 14:00:00,2026-05-06 14:00:00,,0.0,23,2026-05-04
2026-06-24 13:24:18,2026-05-04 23:00:00,RFID-039,GPS661,GPS,14.541702,121.004608,,,False,,,Deep Freeze,Western Bicutan,Malate,11,VH-039,DR-039,Delivered,2026-05-07 04:00:00,2026-05-07 04:00:00,,0.0,23,2026-05-04
2026-06-24 13:24:19,2026-05-04 23:00:00,RFID-003,GPS440,GPS,15.02105,121.163656,,,False,,,Industrial,Canagatan,Mandaluyong City,13,VH-003,DR-003,Delivered,2026-05-06 07:00:00,2026-05-06 07:00:00,,0.0,23,2026-05-04
2026-06-24 13:24:20,2026-05-04 23:00:00,RFID-022,GPS227,GPS,14.495292,120.997661,,,False,,,Industrial,Manila,Bayanan,7,VH-022,DR-022,Delivered,2026-05-06 11:00:00,2026-05-06 11:00:00,,0.0,23,2026-05-04
2026-06-24 13:24:21,2026-05-05 00:00:00,RFID-023,GPS121,GPS,14.573895,121.015298,,,False,,,Pharma,Santo Niño,Tatalon,10,VH-023,DR-023,Delivered,2026-05-07 13:00:00,2026-05-07 13:00:00,,0.0,0,2026-05-05
2026-06-24 13:24:24,2026-05-05 00:00:00,RFID-014,GPS217,GPS,13.511325,121.16395,,,False,,,Pharma,Quiapo,Zamboanga City,37,VH-014,DR-014,Delivered,2026-05-06 11:00:00,2026-05-06 11:00:00,,0.0,0,2026-05-05
2026-06-24 13:24:25,2026-05-05 00:00:00,RFID-015,GPS455,GPS,14.669899,121.076006,,,False,,,Electronics,Pinyahan,Central Signal Village,42,VH-015,DR-015,Delivered,2026-05-05 23:00:00,2026-05-05 23:00:00,,0.0,0,2026-05-05
2026-06-24 13:24:26,2026-05-05 00:00:00,RFID-047,GPS894,GPS,14.735489,120.983005,,,False,,,Chill/Refrigerated,Bignay,Marikina Heights,43,VH-047,DR-047,Delivered,2026-05-06 01:00:00,2026-05-06 01:00:00,,0.0,0,2026-05-05
2026-06-24 13:24:27,2026-05-05 01:00:00,RFID-016,GPS606,GPS,14.488362,120.987968,,,False,,,Industrial,Putatan,City of Parañaque,35,VH-016,DR-016,Delivered,2026-05-05 11:00:00,2026-05-05 11:00:00,,0.0,1,2026-05-05
2026-06-24 13:24:28,2026-05-05 01:00:00,RFID-006,GPS854,GPS,14.568686,121.044026,,,False,,,Dry Goods,Pasay City,Bel-Air,39,VH-006,DR-006,Delayed,2026-05-05 19:00:00,2026-05-05 22:00:00,RFID flag,3.0,1,2026-05-05
2026-06-24 13:24:30,2026-05-05 01:00:00,RFID-050,GPS717,GPS,14.674285,121.021284,,,False,,,Clothing,San Andres,Caloocan City,35,VH-050,DR-050,Delivered,2026-05-06 00:00:00,2026-05-06 00:00:00,,0.0,1,2026-05-05
2026-06-24 13:24:31,2026-05-05 01:00:00,RFID-008,GPS299,GPS,16.476701,121.483448,,,False,,,Dry Goods,Canagatan,San Antonio,37,VH-008,DR-008,Delivered,2026-05-07 12:00:00,2026-05-07 12:00:00,,0.0,1,2026-05-05
2026-06-24 13:24:31,2026-05-05 01:00:00,RFID-022,GPS512,GPS,14.458384,121.009609,,,False,,,Industrial,Manila,Bayanan,7,VH-022,DR-022,Delivered,2026-05-06 11:00:00,2026-05-06 11:00:00,,0.0,1,2026-05-05
2026-06-24 13:24:33,2026-05-05 01:00:00,RFID-003,GPS785,GPS,14.608239,121.021171,,,False,,,Industrial,Canagatan,Mandaluyong City,13,VH-003,DR-003,Delivered,2026-05-06 07:00:00,2026-05-06 07:00:00,,0.0,1,2026-05-05
2026-06-24 13:24:35,2026-05-05 01:00:00,RFID-035,GPS734,GPS,14.402884,121.026148,,,False,,,Pharma,Poblacion,Bayanan,13,VH-035,DR-035,Delivered,2026-05-07 16:00:00,2026-05-07 16:00:00,,0.0,1,2026-05-05
2026-06-24 13:24:38,2026-05-05 01:00:00,RFID-021,GPS740,GPS,14.318223,121.084574,,,False,,,Chill/Refrigerated,San Pedro,Pansol,30,VH-021,DR-021,Delivered,2026-05-05 20:00:00,2026-05-05 20:00:00,,0.0,1,2026-05-05
2026-06-24 13:24:39,2026-05-05 01:00:00,RFID-045,GPS119,GPS,14.583219,121.022673,,,False,,,Frozen,Pasig City,Pateros,27,VH-045,DR-045,Delivered,2026-05-06 14:00:00,2026-05-06 14:00:00,,0.0,1,2026-05-05
2026-06-24 13:24:41,2026-05-05 02:00:00,RFID-023,GPS375,GPS,14.605072,121.025557,,,False,,,Pharma,Santo Niño,Tatalon,10,VH-023,DR-023,Delivered,2026-05-07 13:00:00,2026-05-07 13:00:00,,0.0,2,2026-05-05
2026-06-24 13:24:44,2026-05-05 02:00:00,RFID-015,GPS170,GPS,14.606303,121.065538,,,False,,,Electronics,Pinyahan,Central Signal Village,42,VH-015,DR-015,Delivered,2026-05-05 23:00:00,2026-05-05 23:00:00,,0.0,2,2026-05-05
2026-06-24 13:24:44,2026-05-05 02:00:00,RFID-047,GPS938,GPS,14.704195,121.053866,,,False,,,Chill/Refrigerated,Bignay,Marikina Heights,43,VH-047,DR-047,Delivered,2026-05-06 01:00:00,2026-05-06 01:00:00,,0.0,2,2026-05-05
2026-06-24 13:24:46,2026-05-05 02:00:00,RFID-014,GPS418,GPS,12.428979,121.261691,,,False,,,Pharma,Quiapo,Zamboanga City,37,VH-014,DR-014,Delivered,2026-05-06 11:00:00,2026-05-06 11:00:00,,0.0,2,2026-05-05
2026-06-24 13:24:51,2026-05-05 03:00:00,RFID-050,GPS696,GPS,14.687328,120.953336,,,False,,,Clothing,San Andres,Caloocan City,35,VH-050,DR-050,Delivered,2026-05-06 00:00:00,2026-05-06 00:00:00,,0.0,3,2026-05-05
2026-06-24 13:24:52,2026-05-05 03:00:00,RFID-022,GPS605,GPS,14.478925,121.039647,,,False,,,Industrial,Manila,Bayanan,7,VH-022,DR-022,Delivered,2026-05-06 11:00:00,2026-05-06 11:00:00,,0.0,3,2026-05-05
2026-06-24 13:24:53,2026-05-05 03:00:00,RFID-006,GPS171,GPS,14.569049,120.990179,,,False,,,Dry Goods,Pasay City,Bel-Air,39,VH-006,DR-006,Delayed,2026-05-05 19:00:00,2026-05-05 22:00:00,RFID flag,3.0,3,2026-05-05
2026-06-24 13:24:54,2026-05-05 03:00:00,RFID-021,GPS260,GPS,14.371274,121.077443,,,False,,,Chill/Refrigerated,San Pedro,Pansol,30,VH-021,DR-021,Delivered,2026-05-05 20:00:00,2026-05-05 20:00:00,,0.0,3,2026-05-05
2026-06-24 13:24:54,2026-05-05 03:00:00,RFID-045,GPS420,GPS,14.540775,121.024886,,,False,,,Frozen,Pasig City,Pateros,27,VH-045,DR-045,Delivered,2026-05-06 14:00:00,2026-05-06 14:00:00,,0.0,3,2026-05-05
2026-06-24 13:24:55,2026-05-05 03:00:00,RFID-008,GPS509,GPS,16.002177,121.349026,,,False,,,Dry Goods,Canagatan,San Antonio,37,VH-008,DR-008,Delivered,2026-05-07 12:00:00,2026-05-07 12:00:00,,0.0,3,2026-05-05
2026-06-24 13:24:56,2026-05-05 03:00:00,RFID-035,GPS724,GPS,14.427023,121.038141,,,False,,,Pharma,Poblacion,Bayanan,13,VH-035,DR-035,Delivered,2026-05-07 16:00:00,2026-05-07 16:00:00,,0.0,3,2026-05-05
2026-06-24 13:24:56,2026-05-05 03:00:00,RFID-016,GPS317,GPS,14.521267,120.966098,,,False,,,Industrial,Putatan,City of Parañaque,35,VH-016,DR-016,Delivered,2026-05-05 11:00:00,2026-05-05 11:00:00,,0.0,3,2026-05-05
2026-06-24 13:24:58,2026-05-05 04:00:00,RFID-047,GPS205,GPS,14.72063,121.013412,,,False,,,Chill/Refrigerated,Bignay,Marikina Heights,43,VH-047,DR-047,Delivered,2026-05-06 01:00:00,2026-05-06 01:00:00,,0.0,4,2026-05-05
2026-06-24 13:24:59,2026-05-05 04:00:00,RFID-015,GPS969,GPS,14.585139,121.035152,,,False,,,Electronics,Pinyahan,Central Signal Village,42,VH-015,DR-015,Delivered,2026-05-05 23:00:00,2026-05-05 23:00:00,,0.0,4,2026-05-05
2026-06-24 13:25:00,2026-05-05 04:00:00,RFID-023,GPS279,GPS,14.58001,121.036382,,,False,,,Pharma,Santo Niño,Tatalon,10,VH-023,DR-023,Delivered,2026-05-07 13:00:00,2026-05-07 13:00:00,,0.0,4,2026-05-05
2026-06-24 13:25:01,2026-05-05 04:00:00,RFID-014,GPS419,GPS,11.26261,121.404039,,,False,,,Pharma,Quiapo,Zamboanga City,37,VH-014,DR-014,Delivered,2026-05-06 11:00:00,2026-05-06 11:00:00,,0.0,4,2026-05-05
2026-06-24 13:25:03,2026-05-05 05:00:00,RFID-022,GPS542,GPS,14.401576,121.059804,,,False,,,Industrial,Manila,Bayanan,7,VH-022,DR-022,Delivered,2026-05-06 11:00:00,2026-05-06 11:00:00,,0.0,5,2026-05-05
2026-06-24 13:25:04,2026-05-05 05:00:00,RFID-029,GPS809,GPS,14.62692,120.995856,,,False,,,Clothing,Santa Ana,Santamesa,8,VH-029,DR-029,Delivered,2026-05-06 21:00:00,2026-05-06 21:00:00,,0.0,5,2026-05-05
2026-06-24 13:25:05,2026-05-05 03:00:00,RFID-021,GPS260,GPS,14.416029,121.069699,,,False,,,Chill/Refrigerated,San Pedro,Pansol,30,VH-021,DR-021,Delivered,2026-05-05 20:00:00,2026-05-05 20:00:00,,0.0,3,2026-05-05
2026-06-24 13:25:06,2026-05-05 05:00:00,RFID-008,GPS105,GPS,15.449827,121.266392,,,False,,,Dry Goods,Canagatan,San Antonio,37,VH-008,DR-008,Delivered,2026-05-07 12:00:00,2026-05-07 12:00:00,,0.0,5,2026-05-05
2026-06-24 13:25:09,2026-05-05 05:00:00,RFID-035,GPS943,GPS,14.363937,120.991322,,,False,,,Pharma,Poblacion,Bayanan,13,VH-035,DR-035,Delivered,2026-05-07 16:00:00,2026-05-07 16:00:00,,0.0,5,2026-05-05
2026-06-24 13:25:11,2026-05-05 05:00:00,RFID-016,GPS386,GPS,14.486282,120.967335,,,False,,,Industrial,Putatan,City of Parañaque,35,VH-016,DR-016,Delivered,2026-05-05 11:00:00,2026-05-05 11:00:00,,0.0,5,2026-05-05
2026-06-24 13:25:11,2026-05-05 05:00:00,RFID-006,GPS738,GPS,14.598859,121.049591,,,False,,,Dry Goods,Pasay City,Bel-Air,39,VH-006,DR-006,Delayed,2026-05-05 19:00:00,2026-05-05 22:00:00,RFID flag,3.0,5,2026-05-05
2026-06-24 13:25:12,2026-05-05 06:00:00,RFID-015,GPS543,GPS,14.558063,121.051692,,,False,,,Electronics,Pinyahan,Central Signal Village,42,VH-015,DR-015,Delivered,2026-05-05 23:00:00,2026-05-05 23:00:00,,0.0,6,2026-05-05
2026-06-24 13:25:13,2026-05-05 06:00:00,RFID-047,GPS716,GPS,14.657559,121.035884,,,False,,,Chill/Refrigerated,Bignay,Marikina Heights,43,VH-047,DR-047,Delivered,2026-05-06 01:00:00,2026-05-06 01:00:00,,0.0,6,2026-05-05
2026-06-24 13:25:16,2026-05-05 06:00:00,RFID-023,GPS384,GPS,14.586707,121.026965,,,False,,,Pharma,Santo Niño,Tatalon,10,VH-023,DR-023,Delivered,2026-05-07 13:00:00,2026-05-07 13:00:00,,0.0,6,2026-05-05
2026-06-24 13:25:17,2026-05-05 06:00:00,RFID-014,GPS484,GPS,10.20998,121.648431,,,False,,,Pharma,Quiapo,Zamboanga City,37,VH-014,DR-014,Delivered,2026-05-06 11:00:00,2026-05-06 11:00:00,,0.0,6,2026-05-05
2026-06-24 13:25:21,2026-05-05 07:00:00,RFID-029,GPS436,GPS,14.572605,120.970703,,,False,,,Clothing,Santa Ana,Santamesa,8,VH-029,DR-029,Delivered,2026-05-06 21:00:00,2026-05-06 21:00:00,,0.0,7,2026-05-05
2026-06-24 13:25:23,2026-05-05 07:00:00,RFID-006,GPS837,GPS,14.537349,121.046073,,,False,,,Dry Goods,Pasay City,Bel-Air,39,VH-006,DR-006,Delayed,2026-05-05 19:00:00,2026-05-05 22:00:00,RFID flag,3.0,7,2026-05-05
2026-06-24 13:25:24,2026-05-05 07:00:00,RFID-040,GPS711,GPS,14.625215,121.01809,,,False,,,Clothing,San Juan,Manila,19,VH-040,DR-040,Delivered,2026-05-06 11:00:00,2026-05-06 11:00:00,,0.0,7,2026-05-05
2026-06-24 13:25:25,2026-05-05 07:00:00,RFID-035,GPS764,GPS,14.391427,121.058108,,,False,,,Pharma,Poblacion,Bayanan,13,VH-035,DR-035,Delivered,2026-05-07 16:00:00,2026-05-07 16:00:00,,0.0,7,2026-05-05
2026-06-24 13:25:26,2026-05-05 07:00:00,RFID-008,GPS209,GPS,15.00978,121.176987,,,False,,,Dry Goods,Canagatan,San Antonio,37,VH-008,DR-008,Delivered,2026-05-07 12:00:00,2026-05-07 12:00:00,,0.0,7,2026-05-05
2026-06-24 13:25:27,2026-05-05 07:00:00,RFID-021,GPS708,GPS,14.434182,121.06265,,,False,,,Chill/Refrigerated,San Pedro,Pansol,30,VH-021,DR-021,Delivered,2026-05-05 20:00:00,2026-05-05 20:00:00,,0.0,7,2026-05-05
2026-06-24 13:25:28,2026-05-05 08:00:00,RFID-047,GPS177,GPS,14.64503,121.109587,,,False,,,Chill/Refrigerated,Bignay,Marikina Heights,43,VH-047,DR-047,Delivered,2026-05-06 01:00:00,2026-05-06 01:00:00,,0.0,8,2026-05-05
2026-06-24 13:25:30,2026-05-05 08:00:00,RFID-023,GPS750,GPS,14.575077,121.02209,,,False,,,Pharma,Santo Niño,Tatalon,10,VH-023,DR-023,Delivered,2026-05-07 13:00:00,2026-05-07 13:00:00,,0.0,8,2026-05-05
2026-06-24 13:25:31,2026-05-05 08:00:00,RFID-015,GPS948,GPS,14.59365,121.067873,,,False,,,Electronics,Pinyahan,Central Signal Village,42,VH-015,DR-015,Delivered,2026-05-05 23:00:00,2026-05-05 23:00:00,,0.0,8,2026-05-05
2026-06-24 13:25:32,2026-05-05 08:00:00,RFID-014,GPS177,GPS,9.092665,121.785287,,,False,,,Pharma,Quiapo,Zamboanga City,37,VH-014,DR-014,Delivered,2026-05-06 11:00:00,2026-05-06 11:00:00,,0.0,8,2026-05-05
2026-06-24 13:25:35,2026-05-05 09:00:00,RFID-021,GPS395,GPS,14.522777,121.023964,,,False,,,Chill/Refrigerated,San Pedro,Pansol,30,VH-021,DR-021,Delivered,2026-05-05 20:00:00,2026-05-05 20:00:00,,0.0,9,2026-05-05
2026-06-24 13:25:36,2026-05-05 09:00:00,RFID-006,GPS782,GPS,14.597948,121.015741,,,False,,,Dry Goods,Pasay City,Bel-Air,39,VH-006,DR-006,Delayed,2026-05-05 19:00:00,2026-05-05 22:00:00,RFID flag,3.0,9,2026-05-05
2026-06-24 13:25:39,2026-05-05 09:00:00,RFID-040,GPS719,GPS,14.605884,121.017829,,,False,,,Clothing,San Juan,Manila,19,VH-040,DR-040,Delivered,2026-05-06 11:00:00,2026-05-06 11:00:00,,0.0,9,2026-05-05
2026-06-24 13:25:39,2026-05-05 09:00:00,RFID-029,GPS489,GPS,14.620948,121.049277,,,False,,,Clothing,Santa Ana,Santamesa,8,VH-029,DR-029,Delivered,2026-05-06 21:00:00,2026-05-06 21:00:00,,0.0,9,2026-05-05
2026-06-24 13:25:41,2026-05-05 09:00:00,RFID-008,GPS923,GPS,14.493442,121.002984,,,False,,,Dry Goods,Canagatan,San Antonio,37,VH-008,DR-008,Delivered,2026-05-07 12:00:00,2026-05-07 12:00:00,,0.0,9,2026-05-05
2026-06-24 13:25:42,2026-05-05 09:00:00,RFID-035,GPS138,GPS,14.38903,121.004978,,,False,,,Pharma,Poblacion,Bayanan,13,VH-035,DR-035,Delivered,2026-05-07 16:00:00,2026-05-07 16:00:00,,0.0,9,2026-05-05
2026-06-24 13:25:43,2026-05-05 10:00:00,RFID-014,GPS348,GPS,8.01281,121.953,,,False,,,Pharma,Quiapo,Zamboanga City,37,VH-014,DR-014,Delivered,2026-05-06 11:00:00,2026-05-06 11:00:00,,0.0,10,2026-05-05
2026-06-24 13:25:44,2026-05-05 10:00:00,RFID-047,GPS605,GPS,14.634286,121.128471,,,False,,,Chill/Refrigerated,Bignay,Marikina Heights,43,VH-047,DR-047,Delivered,2026-05-06 01:00:00,2026-05-06 01:00:00,,0.0,10,2026-05-05
2026-06-24 13:25:45,2026-05-05 10:00:00,RFID-015,GPS280,GPS,14.52506,121.021256,,,False,,,Electronics,Pinyahan,Central Signal Village,42,VH-015,DR-015,Delivered,2026-05-05 23:00:00,2026-05-05 23:00:00,,0.0,10,2026-05-05
2026-06-24 13:25:45,2026-05-05 10:00:00,RFID-033,GPS140,GPS,14.611116,121.092746,,,False,,,Dry Goods,Pansol,Malate,28,VH-033,DR-033,Delayed,2026-05-06 10:00:00,2026-05-06 22:00:00,Temp breach,12.0,10,2026-05-05
2026-06-24 13:25:47,2026-05-05 10:00:00,RFID-023,GPS581,GPS,14.655624,121.062206,,,False,,,Pharma,Santo Niño,Tatalon,10,VH-023,DR-023,Delivered,2026-05-07 13:00:00,2026-05-07 13:00:00,,0.0,10,2026-05-05
2026-06-24 13:25:50,2026-05-05 11:00:00,RFID-006,GPS402,GPS,14.550768,121.009026,,,False,,,Dry Goods,Pasay City,Bel-Air,39,VH-006,DR-006,Delayed,2026-05-05 19:00:00,2026-05-05 22:00:00,RFID flag,3.0,11,2026-05-05
2026-06-24 13:25:51,2026-05-05 11:00:00,RFID-035,GPS199,GPS,14.381836,121.043262,,,False,,,Pharma,Poblacion,Bayanan,13,VH-035,DR-035,Delivered,2026-05-07 16:00:00,2026-05-07 16:00:00,,0.0,11,2026-05-05
2026-06-24 13:25:52,2026-05-05 11:00:00,RFID-021,GPS564,GPS,14.588353,121.094099,,,False,,,Chill/Refrigerated,San Pedro,Pansol,30,VH-021,DR-021,Delivered,2026-05-05 20:00:00,2026-05-05 20:00:00,,0.0,11,2026-05-05
2026-06-24 13:25:52,2026-05-05 11:00:00,RFID-040,GPS217,GPS,14.594677,121.044224,,,False,,,Clothing,San Juan,Manila,19,VH-040,DR-040,Delivered,2026-05-06 11:00:00,2026-05-06 11:00:00,,0.0,11,2026-05-05
2026-06-24 13:25:54,2026-05-05 11:00:00,RFID-029,GPS877,GPS,14.633985,121.026694,,,False,,,Clothing,Santa Ana,Santamesa,8,VH-029,DR-029,Delivered,2026-05-06 21:00:00,2026-05-06 21:00:00,,0.0,11,2026-05-05
2026-06-24 13:25:55,2026-05-05 12:00:00,RFID-019,GPS646,GPS,14.592144,120.966715,,,False,,,Clothing,Tatalon,Bacoor,34,VH-019,DR-019,Delayed,2026-05-07 14:00:00,2026-05-07 22:00:00,Traffic,8.0,12,2026-05-05
2026-06-24 13:25:56,2026-05-05 12:00:00,RFID-015,GPS376,GPS,14.53398,121.104147,,,False,,,Electronics,Pinyahan,Central Signal Village,42,VH-015,DR-015,Delivered,2026-05-05 23:00:00,2026-05-05 23:00:00,,0.0,12,2026-05-05
2026-06-24 13:25:59,2026-05-05 12:00:00,RFID-033,GPS693,GPS,14.619836,121.061411,,,False,,,Dry Goods,Pansol,Malate,28,VH-033,DR-033,Delayed,2026-05-06 10:00:00,2026-05-06 22:00:00,Temp breach,12.0,12,2026-05-05
2026-06-24 13:26:00,2026-05-05 12:00:00,RFID-017,GPS382,GPS,14.698032,120.980118,,,False,,,Dry Goods,Malabon,Karuhatan,15,VH-017,DR-017,Delivered,2026-05-08 09:00:00,2026-05-08 09:00:00,,0.0,12,2026-05-05
2026-06-24 13:26:03,2026-05-05 12:00:00,RFID-047,GPS693,GPS,14.649795,121.125074,,,False,,,Chill/Refrigerated,Bignay,Marikina Heights,43,VH-047,DR-047,Delivered,2026-05-06 01:00:00,2026-05-06 01:00:00,,0.0,12,2026-05-05
2026-06-24 13:26:08,2026-05-05 12:00:00,RFID-028,GPS495,GPS,14.680523,120.991141,,,False,,,Pharma,Malabon,Paco,46,VH-028,DR-028,Delivered,2026-05-06 13:00:00,2026-05-06 13:00:00,,0.0,12,2026-05-05
2026-06-24 13:26:08,2026-05-05 12:00:00,RFID-014,GPS970,GPS,6.86439,122.103348,,,False,,,Pharma,Quiapo,Zamboanga City,37,VH-014,DR-014,Delivered,2026-05-06 11:00:00,2026-05-06 11:00:00,,0.0,12,2026-05-05
2026-06-24 13:26:10,2026-05-05 13:00:00,RFID-006,GPS780,GPS,14.567356,120.991727,,,False,,,Dry Goods,Pasay City,Bel-Air,39,VH-006,DR-006,Delayed,2026-05-05 19:00:00,2026-05-05 22:00:00,RFID flag,3.0,13,2026-05-05
2026-06-24 13:26:12,2026-05-05 13:00:00,RFID-035,GPS497,GPS,14.37808,121.050755,,,False,,,Pharma,Poblacion,Bayanan,13,VH-035,DR-035,Delivered,2026-05-07 16:00:00,2026-05-07 16:00:00,,0.0,13,2026-05-05
2026-06-24 13:26:13,2026-05-05 13:00:00,RFID-029,GPS732,GPS,14.590223,121.018787,,,False,,,Clothing,Santa Ana,Santamesa,8,VH-029,DR-029,Delivered,2026-05-06 21:00:00,2026-05-06 21:00:00,,0.0,13,2026-05-05
2026-06-24 13:26:13,2026-05-05 13:00:00,RFID-021,GPS370,GPS,14.566647,121.050242,,,False,,,Chill/Refrigerated,San Pedro,Pansol,30,VH-021,DR-021,Delivered,2026-05-05 20:00:00,2026-05-05 20:00:00,,0.0,13,2026-05-05
2026-06-24 13:26:14,2026-05-05 13:00:00,RFID-040,GPS887,GPS,14.635765,121.022463,,,False,,,Clothing,San Juan,Manila,19,VH-040,DR-040,Delivered,2026-05-06 11:00:00,2026-05-06 11:00:00,,0.0,13,2026-05-05
2026-06-24 13:26:15,2026-05-05 14:00:00,RFID-017,GPS295,GPS,14.669622,120.963963,,,False,,,Dry Goods,Malabon,Karuhatan,15,VH-017,DR-017,Delivered,2026-05-08 09:00:00,2026-05-08 09:00:00,,0.0,14,2026-05-05
2026-06-24 13:26:18,2026-05-05 14:00:00,RFID-028,GPS767,GPS,14.697841,120.992525,,,False,,,Pharma,Malabon,Paco,46,VH-028,DR-028,Delivered,2026-05-06 13:00:00,2026-05-06 13:00:00,,0.0,14,2026-05-05
2026-06-24 13:26:18,2026-05-05 14:00:00,RFID-019,GPS155,GPS,14.563744,120.962594,,,False,,,Clothing,Tatalon,Bacoor,34,VH-019,DR-019,Delayed,2026-05-07 14:00:00,2026-05-07 22:00:00,Traffic,8.0,14,2026-05-05
2026-06-24 13:26:19,2026-05-05 14:00:00,RFID-033,GPS402,GPS,14.612972,121.017798,,,False,,,Dry Goods,Pansol,Malate,28,VH-033,DR-033,Delayed,2026-05-06 10:00:00,2026-05-06 22:00:00,Temp breach,12.0,14,2026-05-05
2026-06-24 13:26:21,2026-05-05 15:00:00,RFID-035,GPS860,GPS,14.403164,121.067049,,,False,,,Pharma,Poblacion,Bayanan,13,VH-035,DR-035,Delivered,2026-05-07 16:00:00,2026-05-07 16:00:00,,0.0,15,2026-05-05
2026-06-24 13:26:21,2026-05-05 15:00:00,RFID-029,GPS394,GPS,14.551128,121.028473,,,False,,,Clothing,Santa Ana,Santamesa,8,VH-029,DR-029,Delivered,2026-05-06 21:00:00,2026-05-06 21:00:00,,0.0,15,2026-05-05
2026-06-24 13:26:22,2026-05-05 15:00:00,RFID-021,GPS777,GPS,14.680183,121.092506,,,False,,,Chill/Refrigerated,San Pedro,Pansol,30,VH-021,DR-021,Delivered,2026-05-05 20:00:00,2026-05-05 20:00:00,,0.0,15,2026-05-05
2026-06-24 13:26:25,2026-05-05 15:00:00,RFID-036,GPS701,GPS,14.469648,120.984019,,,False,,,Cool-Chain,Las Piñas City,San Isidro,30,VH-036,DR-036,Delivered,2026-05-06 11:00:00,2026-05-06 11:00:00,,0.0,15,2026-05-05
2026-06-24 13:26:26,2026-05-05 15:00:00,RFID-006,GPS278,GPS,14.607936,121.044032,,,False,,,Dry Goods,Pasay City,Bel-Air,39,VH-006,DR-006,Delayed,2026-05-05 19:00:00,2026-05-05 22:00:00,RFID flag,3.0,15,2026-05-05
2026-06-24 13:26:28,2026-05-05 15:00:00,RFID-040,GPS540,GPS,14.604448,121.036378,,,False,,,Clothing,San Juan,Manila,19,VH-040,DR-040,Delivered,2026-05-06 11:00:00,2026-05-06 11:00:00,,0.0,15,2026-05-05
2026-06-24 13:26:29,2026-05-05 16:00:00,RFID-033,GPS305,GPS,14.5967,121.033536,,,False,,,Dry Goods,Pansol,Malate,28,VH-033,DR-033,Delayed,2026-05-06 10:00:00,2026-05-06 22:00:00,Temp breach,12.0,16,2026-05-05
2026-06-24 13:26:29,2026-05-05 16:00:00,RFID-017,GPS600,GPS,14.626647,120.986607,,,False,,,Dry Goods,Malabon,Karuhatan,15,VH-017,DR-017,Delivered,2026-05-08 09:00:00,2026-05-08 09:00:00,,0.0,16,2026-05-05
2026-06-24 13:26:31,2026-05-05 16:00:00,RFID-028,GPS137,GPS,14.686082,120.966104,,,False,,,Pharma,Malabon,Paco,46,VH-028,DR-028,Delivered,2026-05-06 13:00:00,2026-05-06 13:00:00,,0.0,16,2026-05-05
2026-06-24 13:26:31,2026-05-05 16:00:00,RFID-048,GPS678,GPS,14.476591,121.068215,,,False,,,Frozen,Don Bosco,Santa Ana,1,VH-048,DR-048,Delivered,2026-05-07 00:00:00,2026-05-07 00:00:00,,0.0,16,2026-05-05
2026-06-24 13:26:33,2026-05-05 16:00:00,RFID-019,GPS229,GPS,14.583307,121.020527,,,False,,,Clothing,Tatalon,Bacoor,34,VH-019,DR-019,Delayed,2026-05-07 14:00:00,2026-05-07 22:00:00,Traffic,8.0,16,2026-05-05
2026-06-24 13:26:38,2026-05-05 17:00:00,RFID-029,GPS544,GPS,14.646885,121.040705,,,False,,,Clothing,Santa Ana,Santamesa,8,VH-029,DR-029,Delivered,2026-05-06 21:00:00,2026-05-06 21:00:00,,0.0,17,2026-05-05
2026-06-24 13:26:39,2026-05-05 17:00:00,RFID-040,GPS447,GPS,14.593298,120.965135,,,False,,,Clothing,San Juan,Manila,19,VH-040,DR-040,Delivered,2026-05-06 11:00:00,2026-05-06 11:00:00,,0.0,17,2026-05-05
2026-06-24 13:26:42,2026-05-05 17:00:00,RFID-036,GPS524,GPS,14.47687,120.949995,,,False,,,Cool-Chain,Las Piñas City,San Isidro,30,VH-036,DR-036,Delivered,2026-05-06 11:00:00,2026-05-06 11:00:00,,0.0,17,2026-05-05
2026-06-24 13:26:43,2026-05-05 18:00:00,RFID-019,GPS205,GPS,14.568644,121.018808,,,False,,,Clothing,Tatalon,Bacoor,34,VH-019,DR-019,Delayed,2026-05-07 14:00:00,2026-05-07 22:00:00,Traffic,8.0,18,2026-05-05
2026-06-24 13:26:44,2026-05-05 18:00:00,RFID-017,GPS587,GPS,14.677646,120.940932,,,False,,,Dry Goods,Malabon,Karuhatan,15,VH-017,DR-017,Delivered,2026-05-08 09:00:00,2026-05-08 09:00:00,,0.0,18,2026-05-05
2026-06-24 13:26:45,2026-05-05 18:00:00,RFID-048,GPS430,GPS,14.510042,121.072482,,,False,,,Frozen,Don Bosco,Santa Ana,1,VH-048,DR-048,Delivered,2026-05-07 00:00:00,2026-05-07 00:00:00,,0.0,18,2026-05-05
2026-06-24 13:26:47,2026-05-05 18:00:00,RFID-033,GPS474,GPS,14.564787,121.033255,,,False,,,Dry Goods,Pansol,Malate,28,VH-033,DR-033,Delayed,2026-05-06 10:00:00,2026-05-06 22:00:00,Temp breach,12.0,18,2026-05-05
2026-06-24 13:26:47,2026-05-05 18:00:00,RFID-028,GPS439,GPS,14.589625,121.016393,,,False,,,Pharma,Malabon,Paco,46,VH-028,DR-028,Delivered,2026-05-06 13:00:00,2026-05-06 13:00:00,,0.0,18,2026-05-05
2026-06-24 13:26:51,2026-05-05 19:00:00,RFID-036,GPS730,GPS,14.470778,121.022455,,,False,,,Cool-Chain,Las Piñas City,San Isidro,30,VH-036,DR-036,Delivered,2026-05-06 11:00:00,2026-05-06 11:00:00,,0.0,19,2026-05-05
2026-06-24 13:26:52,2026-05-05 19:00:00,RFID-029,GPS820,GPS,14.647834,121.042737,,,False,,,Clothing,Santa Ana,Santamesa,8,VH-029,DR-029,Delivered,2026-05-06 21:00:00,2026-05-06 21:00:00,,0.0,19,2026-05-05
2026-06-24 13:26:52,2026-05-05 19:00:00,RFID-040,GPS847,GPS,14.629713,120.974616,,,False,,,Clothing,San Juan,Manila,19,VH-040,DR-040,Delivered,2026-05-06 11:00:00,2026-05-06 11:00:00,,0.0,19,2026-05-05
2026-06-24 13:26:54,2026-05-05 20:00:00,RFID-032,GPS505,GPS,14.555294,121.035204,,,False,,,Clothing,Sampaloc,Navotas,16,VH-032,DR-032,Delivered,2026-05-06 21:00:00,2026-05-06 21:00:00,,0.0,20,2026-05-05
2026-06-24 13:26:55,2026-05-05 20:00:00,RFID-019,GPS580,GPS,14.569015,120.993678,,,False,,,Clothing,Tatalon,Bacoor,34,VH-019,DR-019,Delayed,2026-05-07 14:00:00,2026-05-07 22:00:00,Traffic,8.0,20,2026-05-05
2026-06-24 13:26:56,2026-05-05 20:00:00,RFID-017,GPS911,GPS,14.690762,120.968282,,,False,,,Dry Goods,Malabon,Karuhatan,15,VH-017,DR-017,Delivered,2026-05-08 09:00:00,2026-05-08 09:00:00,,0.0,20,2026-05-05
2026-06-24 13:26:57,2026-05-05 20:00:00,RFID-048,GPS254,GPS,14.54621,121.034579,,,False,,,Frozen,Don Bosco,Santa Ana,1,VH-048,DR-048,Delivered,2026-05-07 00:00:00,2026-05-07 00:00:00,,0.0,20,2026-05-05
2026-06-24 13:27:00,2026-05-05 20:00:00,RFID-028,GPS550,GPS,14.65297,121.010562,,,False,,,Pharma,Malabon,Paco,46,VH-028,DR-028,Delivered,2026-05-06 13:00:00,2026-05-06 13:00:00,,0.0,20,2026-05-05
2026-06-24 13:27:01,2026-05-05 20:00:00,RFID-025,GPS610,GPS,14.461844,121.062263,,,False,,,Pharma,Sucat,General Mariano Alvarez,4,VH-025,DR-025,Delayed,2026-05-06 09:00:00,2026-05-06 16:00:00,RFID flag,7.0,20,2026-05-05
2026-06-24 13:27:03,2026-05-05 20:00:00,RFID-033,GPS950,GPS,14.5922,121.057992,,,False,,,Dry Goods,Pansol,Malate,28,VH-033,DR-033,Delayed,2026-05-06 10:00:00,2026-05-06 22:00:00,Temp breach,12.0,20,2026-05-05
2026-06-24 13:27:06,2026-05-05 21:00:00,RFID-036,GPS133,GPS,14.44874,121.038781,,,False,,,Cool-Chain,Las Piñas City,San Isidro,30,VH-036,DR-036,Delivered,2026-05-06 11:00:00,2026-05-06 11:00:00,,0.0,21,2026-05-05
2026-06-24 13:27:08,2026-05-05 21:00:00,RFID-040,GPS781,GPS,14.555309,120.969876,,,False,,,Clothing,San Juan,Manila,19,VH-040,DR-040,Delivered,2026-05-06 11:00:00,2026-05-06 11:00:00,,0.0,21,2026-05-05
2026-06-24 13:27:10,2026-05-05 21:00:00,RFID-018,GPS438,GPS,14.69255,121.004594,,,False,,,Frozen,Valenzuela,Banco Filipino International Village,10,VH-018,DR-018,Delivered,2026-05-06 14:00:00,2026-05-06 14:00:00,,0.0,21,2026-05-05
2026-06-24 13:27:10,2026-05-05 22:00:00,RFID-025,GPS308,GPS,14.449684,121.068856,,,False,,,Pharma,Sucat,General Mariano Alvarez,4,VH-025,DR-025,Delayed,2026-05-06 09:00:00,2026-05-06 16:00:00,RFID flag,7.0,22,2026-05-05
2026-06-24 13:27:11,2026-05-05 22:00:00,RFID-017,GPS514,GPS,14.631939,120.950924,,,False,,,Dry Goods,Malabon,Karuhatan,15,VH-017,DR-017,Delivered,2026-05-08 09:00:00,2026-05-08 09:00:00,,0.0,22,2026-05-05
2026-06-24 13:27:12,2026-05-05 22:00:00,RFID-028,GPS115,GPS,14.564971,121.017473,,,False,,,Pharma,Malabon,Paco,46,VH-028,DR-028,Delivered,2026-05-06 13:00:00,2026-05-06 13:00:00,,0.0,22,2026-05-05
2026-06-24 13:27:13,2026-05-05 22:00:00,RFID-032,GPS802,GPS,14.589634,121.00015,,,False,,,Clothing,Sampaloc,Navotas,16,VH-032,DR-032,Delivered,2026-05-06 21:00:00,2026-05-06 21:00:00,,0.0,22,2026-05-05
2026-06-24 13:27:17,2026-05-05 22:00:00,RFID-019,GPS152,GPS,14.5065,120.963085,,,False,,,Clothing,Tatalon,Bacoor,34,VH-019,DR-019,Delayed,2026-05-07 14:00:00,2026-05-07 22:00:00,Traffic,8.0,22,2026-05-05
2026-06-24 13:27:18,2026-05-05 22:00:00,RFID-048,GPS746,GPS,14.517805,121.016778,,,False,,,Frozen,Don Bosco,Santa Ana,1,VH-048,DR-048,Delivered,2026-05-07 00:00:00,2026-05-07 00:00:00,,0.0,22,2026-05-05
2026-06-24 13:27:19,2026-05-05 22:00:00,RFID-033,GPS593,GPS,14.543112,121.045376,,,False,,,Dry Goods,Pansol,Malate,28,VH-033,DR-033,Delayed,2026-05-06 10:00:00,2026-05-06 22:00:00,Temp breach,12.0,22,2026-05-05
2026-06-24 13:27:20,2026-05-05 23:00:00,RFID-018,GPS413,GPS,14.649452,120.978175,,,False,,,Frozen,Valenzuela,Banco Filipino International Village,10,VH-018,DR-018,Delivered,2026-05-06 14:00:00,2026-05-06 14:00:00,,0.0,23,2026-05-05
2026-06-24 13:27:21,2026-05-05 23:00:00,RFID-036,GPS555,GPS,14.479599,120.969898,,,False,,,Cool-Chain,Las Piñas City,San Isidro,30,VH-036,DR-036,Delivered,2026-05-06 11:00:00,2026-05-06 11:00:00,,0.0,23,2026-05-05
2026-06-24 13:27:25,2026-05-06 00:00:00,RFID-017,GPS695,GPS,14.703436,120.954421,,,False,,,Dry Goods,Malabon,Karuhatan,15,VH-017,DR-017,Delivered,2026-05-08 09:00:00,2026-05-08 09:00:00,,0.0,0,2026-05-06
2026-06-24 13:27:27,2026-05-06 00:00:00,RFID-025,GPS394,GPS,14.390991,120.998816,,,False,,,Pharma,Sucat,General Mariano Alvarez,4,VH-025,DR-025,Delayed,2026-05-06 09:00:00,2026-05-06 16:00:00,RFID flag,7.0,0,2026-05-06
2026-06-24 13:27:28,2026-05-06 00:00:00,RFID-019,GPS216,GPS,14.460762,121.007929,,,False,,,Clothing,Tatalon,Bacoor,34,VH-019,DR-019,Delayed,2026-05-07 14:00:00,2026-05-07 22:00:00,Traffic,8.0,0,2026-05-06
2026-06-24 13:27:30,2026-05-06 00:00:00,RFID-048,GPS157,GPS,14.518153,120.995382,,,False,,,Frozen,Don Bosco,Santa Ana,1,VH-048,DR-048,Delivered,2026-05-07 00:00:00,2026-05-07 00:00:00,,0.0,0,2026-05-06
2026-06-24 13:27:30,2026-05-06 00:00:00,RFID-028,GPS770,GPS,14.616244,120.970712,,,False,,,Pharma,Malabon,Paco,46,VH-028,DR-028,Delivered,2026-05-06 13:00:00,2026-05-06 13:00:00,,0.0,0,2026-05-06
2026-06-24 13:27:33,2026-05-06 00:00:00,RFID-032,GPS720,GPS,14.649103,121.032275,,,False,,,Clothing,Sampaloc,Navotas,16,VH-032,DR-032,Delivered,2026-05-06 21:00:00,2026-05-06 21:00:00,,0.0,0,2026-05-06
2026-06-24 13:27:33,2026-05-06 00:00:00,RFID-033,GPS991,GPS,14.610938,120.970814,,,False,,,Dry Goods,Pansol,Malate,28,VH-033,DR-033,Delayed,2026-05-06 10:00:00,2026-05-06 22:00:00,Temp breach,12.0,0,2026-05-06
2026-06-24 13:27:36,2026-05-06 01:00:00,RFID-036,GPS201,GPS,14.50827,121.038259,,,False,,,Cool-Chain,Las Piñas City,San Isidro,30,VH-036,DR-036,Delivered,2026-05-06 11:00:00,2026-05-06 11:00:00,,0.0,1,2026-05-06
2026-06-24 13:27:36,2026-05-06 01:00:00,RFID-018,GPS297,GPS,14.603683,120.947666,,,False,,,Frozen,Valenzuela,Banco Filipino International Village,10,VH-018,DR-018,Delivered,2026-05-06 14:00:00,2026-05-06 14:00:00,,0.0,1,2026-05-06
2026-06-24 13:27:37,2026-05-06 02:00:00,RFID-048,GPS572,GPS,14.537109,120.973362,,,False,,,Frozen,Don Bosco,Santa Ana,1,VH-048,DR-048,Delivered,2026-05-07 00:00:00,2026-05-07 00:00:00,,0.0,2,2026-05-06
2026-06-24 13:27:38,2026-05-06 02:00:00,RFID-019,GPS175,GPS,14.494612,120.954571,,,False,,,Clothing,Tatalon,Bacoor,34,VH-019,DR-019,Delayed,2026-05-07 14:00:00,2026-05-07 22:00:00,Traffic,8.0,2,2026-05-06
2026-06-24 13:27:42,2026-05-06 02:00:00,RFID-025,GPS224,GPS,14.38524,121.048396,,,False,,,Pharma,Sucat,General Mariano Alvarez,4,VH-025,DR-025,Delayed,2026-05-06 09:00:00,2026-05-06 16:00:00,RFID flag,7.0,2,2026-05-06
2026-06-24 13:27:43,2026-05-06 02:00:00,RFID-032,GPS393,GPS,14.654874,121.009555,,,False,,,Clothing,Sampaloc,Navotas,16,VH-032,DR-032,Delivered,2026-05-06 21:00:00,2026-05-06 21:00:00,,0.0,2,2026-05-06
2026-06-24 13:27:43,2026-05-06 02:00:00,RFID-028,GPS900,GPS,14.629996,120.940483,,,False,,,Pharma,Malabon,Paco,46,VH-028,DR-028,Delivered,2026-05-06 13:00:00,2026-05-06 13:00:00,,0.0,2,2026-05-06
2026-06-24 13:27:44,2026-05-06 02:00:00,RFID-017,GPS452,GPS,14.675202,120.981447,,,False,,,Dry Goods,Malabon,Karuhatan,15,VH-017,DR-017,Delivered,2026-05-08 09:00:00,2026-05-08 09:00:00,,0.0,2,2026-05-06
2026-06-24 13:27:46,2026-05-06 02:00:00,RFID-012,GPS917,GPS,14.613086,121.032187,,,False,,,Clothing,Tatalon,Bacoor,25,VH-012,DR-012,Delivered,2026-05-08 12:00:00,2026-05-08 12:00:00,,0.0,2,2026-05-06
2026-06-24 13:27:48,2026-05-06 03:00:00,RFID-036,GPS760,GPS,14.51395,120.993991,,,False,,,Cool-Chain,Las Piñas City,San Isidro,30,VH-036,DR-036,Delivered,2026-05-06 11:00:00,2026-05-06 11:00:00,,0.0,3,2026-05-06
2026-06-24 13:27:52,2026-05-06 03:00:00,RFID-004,GPS373,GPS,14.547006,121.088675,,,False,,,Cool-Chain,Central Signal Village,Don Bosco,1,VH-004,DR-004,Delivered,2026-05-07 17:00:00,2026-05-07 17:00:00,,0.0,3,2026-05-06
2026-06-24 13:27:54,2026-05-06 03:00:00,RFID-018,GPS880,GPS,14.574369,121.012688,,,False,,,Frozen,Valenzuela,Banco Filipino International Village,10,VH-018,DR-018,Delivered,2026-05-06 14:00:00,2026-05-06 14:00:00,,0.0,3,2026-05-06
2026-06-24 13:27:55,2026-05-06 03:00:00,RFID-038,GPS233,GPS,7.047727,125.648403,,,False,,,Chill/Refrigerated,Davao,Bignay,27,VH-038,DR-038,Delayed,2026-05-08 20:00:00,2026-05-08 23:00:00,Weather,3.0,3,2026-05-06
2026-06-24 13:27:56,2026-05-06 03:00:00,RFID-002,GPS949,GPS,14.36288,121.063428,,,False,,,Deep Freeze,Bayanan,Taguig City,2,VH-002,DR-002,Delivered,2026-05-06 20:00:00,2026-05-06 20:00:00,,0.0,3,2026-05-06
2026-06-24 13:27:56,2026-05-06 04:00:00,RFID-048,GPS951,GPS,14.561149,120.96966,,,False,,,Frozen,Don Bosco,Santa Ana,1,VH-048,DR-048,Delivered,2026-05-07 00:00:00,2026-05-07 00:00:00,,0.0,4,2026-05-06
2026-06-24 13:27:57,2026-05-06 04:00:00,RFID-012,GPS578,GPS,14.591517,120.974547,,,False,,,Clothing,Tatalon,Bacoor,25,VH-012,DR-012,Delivered,2026-05-08 12:00:00,2026-05-08 12:00:00,,0.0,4,2026-05-06
2026-06-24 13:27:58,2026-05-06 04:00:00,RFID-025,GPS918,GPS,14.321458,121.034431,,,False,,,Pharma,Sucat,General Mariano Alvarez,4,VH-025,DR-025,Delayed,2026-05-06 09:00:00,2026-05-06 16:00:00,RFID flag,7.0,4,2026-05-06
2026-06-24 13:27:59,2026-05-06 04:00:00,RFID-032,GPS921,GPS,14.667017,120.94064,,,False,,,Clothing,Sampaloc,Navotas,16,VH-032,DR-032,Delivered,2026-05-06 21:00:00,2026-05-06 21:00:00,,0.0,4,2026-05-06
2026-06-24 13:28:01,2026-05-06 05:00:00,RFID-002,GPS889,GPS,14.401497,121.000355,,,False,,,Deep Freeze,Bayanan,Taguig City,2,VH-002,DR-002,Delivered,2026-05-06 20:00:00,2026-05-06 20:00:00,,0.0,5,2026-05-06
2026-06-24 13:28:01,2026-05-06 05:00:00,RFID-036,GPS294,GPS,14.454367,121.001614,,,False,,,Cool-Chain,Las Piñas City,San Isidro,30,VH-036,DR-036,Delivered,2026-05-06 11:00:00,2026-05-06 11:00:00,,0.0,5,2026-05-06
2026-06-24 13:28:04,2026-05-06 05:00:00,RFID-018,GPS856,GPS,14.576102,120.960354,,,False,,,Frozen,Valenzuela,Banco Filipino International Village,10,VH-018,DR-018,Delivered,2026-05-06 14:00:00,2026-05-06 14:00:00,,0.0,5,2026-05-06
2026-06-24 13:28:06,2026-05-06 05:00:00,RFID-013,GPS531,GPS,14.336126,121.10342,,,False,,,Deep Freeze,San Pedro,Don Bosco,15,VH-013,DR-013,Delivered,2026-05-07 07:00:00,2026-05-07 07:00:00,,0.0,5,2026-05-06
2026-06-24 13:28:07,2026-05-06 05:00:00,RFID-038,GPS212,GPS,8.170536,124.972151,,,False,,,Chill/Refrigerated,Davao,Bignay,27,VH-038,DR-038,Delayed,2026-05-08 20:00:00,2026-05-08 23:00:00,Weather,3.0,5,2026-05-06
2026-06-24 13:28:09,2026-05-06 05:00:00,RFID-004,GPS491,GPS,14.472391,121.073185,,,False,,,Cool-Chain,Central Signal Village,Don Bosco,1,VH-004,DR-004,Delivered,2026-05-07 17:00:00,2026-05-07 17:00:00,,0.0,5,2026-05-06
2026-06-24 13:28:11,2026-05-06 05:00:00,RFID-041,GPS803,GPS,14.395489,120.895359,,,False,,,Chill/Refrigerated,Rosario,Central Signal Village,13,VH-041,DR-041,Delivered,2026-05-08 11:00:00,2026-05-08 11:00:00,,0.0,5,2026-05-06
2026-06-24 13:28:12,2026-05-06 06:00:00,RFID-032,GPS735,GPS,14.633761,120.972648,,,False,,,Clothing,Sampaloc,Navotas,16,VH-032,DR-032,Delivered,2026-05-06 21:00:00,2026-05-06 21:00:00,,0.0,6,2026-05-06
2026-06-24 13:28:17,2026-05-06 06:00:00,RFID-046,GPS826,GPS,14.753176,121.00344,,,False,,,Cool-Chain,Bignay,Pateros,14,VH-046,DR-046,Delivered,2026-05-08 03:00:00,2026-05-08 03:00:00,,0.0,6,2026-05-06
2026-06-24 13:28:17,2026-05-06 06:00:00,RFID-012,GPS646,GPS,14.619926,121.048858,,,False,,,Clothing,Tatalon,Bacoor,25,VH-012,DR-012,Delivered,2026-05-08 12:00:00,2026-05-08 12:00:00,,0.0,6,2026-05-06
2026-06-24 13:28:18,2026-05-06 06:00:00,RFID-025,GPS664,GPS,14.319644,120.980124,,,False,,,Pharma,Sucat,General Mariano Alvarez,4,VH-025,DR-025,Delayed,2026-05-06 09:00:00,2026-05-06 16:00:00,RFID flag,7.0,6,2026-05-06
2026-06-24 13:28:21,2026-05-06 06:00:00,RFID-049,GPS493,GPS,14.35743,121.045808,,,False,,,Cool-Chain,Putatan,Tatalon,9,VH-049,DR-049,Delayed,2026-05-07 00:00:00,2026-05-07 05:00:00,Traffic,5.0,6,2026-05-06
2026-06-24 13:28:22,2026-05-06 06:00:00,RFID-048,GPS975,GPS,14.558708,121.026467,,,False,,,Frozen,Don Bosco,Santa Ana,1,VH-048,DR-048,Delivered,2026-05-07 00:00:00,2026-05-07 00:00:00,,0.0,6,2026-05-06
2026-06-24 13:28:25,2026-05-06 07:00:00,RFID-041,GPS951,GPS,14.475241,120.83637,,,False,,,Chill/Refrigerated,Rosario,Central Signal Village,13,VH-041,DR-041,Delivered,2026-05-08 11:00:00,2026-05-08 11:00:00,,0.0,7,2026-05-06
2026-06-24 13:28:25,2026-05-06 07:00:00,RFID-004,GPS327,GPS,14.53956,121.084374,,,False,,,Cool-Chain,Central Signal Village,Don Bosco,1,VH-004,DR-004,Delivered,2026-05-07 17:00:00,2026-05-07 17:00:00,,0.0,7,2026-05-06
2026-06-24 13:28:27,2026-05-06 07:00:00,RFID-018,GPS878,GPS,14.519777,121.016459,,,False,,,Frozen,Valenzuela,Banco Filipino International Village,10,VH-018,DR-018,Delivered,2026-05-06 14:00:00,2026-05-06 14:00:00,,0.0,7,2026-05-06
2026-06-24 13:28:30,2026-05-06 07:00:00,RFID-002,GPS265,GPS,14.402939,121.09798,,,False,,,Deep Freeze,Bayanan,Taguig City,2,VH-002,DR-002,Delivered,2026-05-06 20:00:00,2026-05-06 20:00:00,,0.0,7,2026-05-06
2026-06-24 13:28:31,2026-05-06 07:00:00,RFID-013,GPS119,GPS,14.351156,121.011848,,,False,,,Deep Freeze,San Pedro,Don Bosco,15,VH-013,DR-013,Delivered,2026-05-07 07:00:00,2026-05-07 07:00:00,,0.0,7,2026-05-06
2026-06-24 13:28:32,2026-05-06 07:00:00,RFID-038,GPS115,GPS,9.279134,124.237178,,,False,,,Chill/Refrigerated,Davao,Bignay,27,VH-038,DR-038,Delayed,2026-05-08 20:00:00,2026-05-08 23:00:00,Weather,3.0,7,2026-05-06
2026-06-24 13:28:36,2026-05-06 08:00:00,RFID-032,GPS885,GPS,14.632677,120.975901,,,False,,,Clothing,Sampaloc,Navotas,16,VH-032,DR-032,Delivered,2026-05-06 21:00:00,2026-05-06 21:00:00,,0.0,8,2026-05-06
2026-06-24 13:28:38,2026-05-06 08:00:00,RFID-012,GPS677,GPS,14.507554,120.982931,,,False,,,Clothing,Tatalon,Bacoor,25,VH-012,DR-012,Delivered,2026-05-08 12:00:00,2026-05-08 12:00:00,,0.0,8,2026-05-06
2026-06-24 13:28:38,2026-05-06 08:00:00,RFID-025,GPS330,GPS,14.274225,120.997942,,,False,,,Pharma,Sucat,General Mariano Alvarez,4,VH-025,DR-025,Delayed,2026-05-06 09:00:00,2026-05-06 16:00:00,RFID flag,7.0,8,2026-05-06
2026-06-24 13:28:40,2026-05-06 08:00:00,RFID-046,GPS514,GPS,14.730928,120.985194,,,False,,,Cool-Chain,Bignay,Pateros,14,VH-046,DR-046,Delivered,2026-05-08 03:00:00,2026-05-08 03:00:00,,0.0,8,2026-05-06
2026-06-24 13:28:41,2026-05-06 08:00:00,RFID-049,GPS910,GPS,14.426928,121.038817,,,False,,,Cool-Chain,Putatan,Tatalon,9,VH-049,DR-049,Delayed,2026-05-07 00:00:00,2026-05-07 05:00:00,Traffic,5.0,8,2026-05-06
2026-06-24 13:28:44,2026-05-06 09:00:00,RFID-004,GPS458,GPS,14.468172,121.085817,,,False,,,Cool-Chain,Central Signal Village,Don Bosco,1,VH-004,DR-004,Delivered,2026-05-07 17:00:00,2026-05-07 17:00:00,,0.0,9,2026-05-06
2026-06-24 13:28:46,2026-05-06 09:00:00,RFID-013,GPS458,GPS,14.41846,121.004223,,,False,,,Deep Freeze,San Pedro,Don Bosco,15,VH-013,DR-013,Delivered,2026-05-07 07:00:00,2026-05-07 07:00:00,,0.0,9,2026-05-06
2026-06-24 13:28:46,2026-05-06 09:00:00,RFID-002,GPS537,GPS,14.480009,121.055168,,,False,,,Deep Freeze,Bayanan,Taguig City,2,VH-002,DR-002,Delivered,2026-05-06 20:00:00,2026-05-06 20:00:00,,0.0,9,2026-05-06
2026-06-24 13:28:48,2026-05-06 09:00:00,RFID-018,GPS202,GPS,14.488092,120.9751,,,False,,,Frozen,Valenzuela,Banco Filipino International Village,10,VH-018,DR-018,Delivered,2026-05-06 14:00:00,2026-05-06 14:00:00,,0.0,9,2026-05-06
2026-06-24 13:28:52,2026-05-06 09:00:00,RFID-041,GPS862,GPS,14.404422,120.902502,,,False,,,Chill/Refrigerated,Rosario,Central Signal Village,13,VH-041,DR-041,Delivered,2026-05-08 11:00:00,2026-05-08 11:00:00,,0.0,9,2026-05-06
2026-06-24 13:28:53,2026-05-06 09:00:00,RFID-038,GPS702,GPS,10.345367,123.655743,,,False,,,Chill/Refrigerated,Davao,Bignay,27,VH-038,DR-038,Delayed,2026-05-08 20:00:00,2026-05-08 23:00:00,Weather,3.0,9,2026-05-06
2026-06-24 13:28:56,2026-05-06 10:00:00,RFID-025,GPS572,GPS,14.349226,121.041293,,,False,,,Pharma,Sucat,General Mariano Alvarez,4,VH-025,DR-025,Delayed,2026-05-06 09:00:00,2026-05-06 16:00:00,RFID flag,7.0,10,2026-05-06
2026-06-24 13:28:58,2026-05-06 10:00:00,RFID-046,GPS920,GPS,14.640314,120.998863,,,False,,,Cool-Chain,Bignay,Pateros,14,VH-046,DR-046,Delivered,2026-05-08 03:00:00,2026-05-08 03:00:00,,0.0,10,2026-05-06
2026-06-24 13:28:59,2026-05-06 10:00:00,RFID-032,GPS743,GPS,14.682618,120.975534,,,False,,,Clothing,Sampaloc,Navotas,16,VH-032,DR-032,Delivered,2026-05-06 21:00:00,2026-05-06 21:00:00,,0.0,10,2026-05-06
2026-06-24 13:29:01,2026-05-06 10:00:00,RFID-012,GPS538,GPS,14.548043,120.944666,,,False,,,Clothing,Tatalon,Bacoor,25,VH-012,DR-012,Delivered,2026-05-08 12:00:00,2026-05-08 12:00:00,,0.0,10,2026-05-06
2026-06-24 13:29:02,2026-05-06 10:00:00,RFID-049,GPS929,GPS,14.486806,120.984474,,,False,,,Cool-Chain,Putatan,Tatalon,9,VH-049,DR-049,Delayed,2026-05-07 00:00:00,2026-05-07 05:00:00,Traffic,5.0,10,2026-05-06
2026-06-24 13:29:03,2026-05-06 11:00:00,RFID-002,GPS807,GPS,14.478005,121.011187,,,False,,,Deep Freeze,Bayanan,Taguig City,2,VH-002,DR-002,Delivered,2026-05-06 20:00:00,2026-05-06 20:00:00,,0.0,11,2026-05-06
2026-06-24 13:29:07,2026-05-06 11:00:00,RFID-041,GPS669,GPS,14.482708,120.970148,,,False,,,Chill/Refrigerated,Rosario,Central Signal Village,13,VH-041,DR-041,Delivered,2026-05-08 11:00:00,2026-05-08 11:00:00,,0.0,11,2026-05-06
2026-06-24 13:29:07,2026-05-06 11:00:00,RFID-018,GPS469,GPS,14.483163,120.979225,,,False,,,Frozen,Valenzuela,Banco Filipino International Village,10,VH-018,DR-018,Delivered,2026-05-06 14:00:00,2026-05-06 14:00:00,,0.0,11,2026-05-06
2026-06-24 13:29:09,2026-05-06 11:00:00,RFID-013,GPS767,GPS,14.383608,121.001233,,,False,,,Deep Freeze,San Pedro,Don Bosco,15,VH-013,DR-013,Delivered,2026-05-07 07:00:00,2026-05-07 07:00:00,,0.0,11,2026-05-06
2026-06-24 13:29:10,2026-05-06 11:00:00,RFID-004,GPS333,GPS,14.474605,121.068963,,,False,,,Cool-Chain,Central Signal Village,Don Bosco,1,VH-004,DR-004,Delivered,2026-05-07 17:00:00,2026-05-07 17:00:00,,0.0,11,2026-05-06
2026-06-24 13:29:12,2026-05-06 11:00:00,RFID-038,GPS153,GPS,11.438434,122.936625,,,False,,,Chill/Refrigerated,Davao,Bignay,27,VH-038,DR-038,Delayed,2026-05-08 20:00:00,2026-05-08 23:00:00,Weather,3.0,11,2026-05-06
2026-06-24 13:29:15,2026-05-06 12:00:00,RFID-049,GPS719,GPS,14.502337,120.996181,,,False,,,Cool-Chain,Putatan,Tatalon,9,VH-049,DR-049,Delayed,2026-05-07 00:00:00,2026-05-07 05:00:00,Traffic,5.0,12,2026-05-06
2026-06-24 13:29:15,2026-05-06 12:00:00,RFID-046,GPS806,GPS,14.704304,121.022538,,,False,,,Cool-Chain,Bignay,Pateros,14,VH-046,DR-046,Delivered,2026-05-08 03:00:00,2026-05-08 03:00:00,,0.0,12,2026-05-06
2026-06-24 13:29:17,2026-05-06 12:00:00,RFID-012,GPS151,GPS,14.472199,120.975184,,,False,,,Clothing,Tatalon,Bacoor,25,VH-012,DR-012,Delivered,2026-05-08 12:00:00,2026-05-08 12:00:00,,0.0,12,2026-05-06
2026-06-24 13:29:18,2026-05-06 13:00:00,RFID-041,GPS675,GPS,14.42777,121.014291,,,False,,,Chill/Refrigerated,Rosario,Central Signal Village,13,VH-041,DR-041,Delivered,2026-05-08 11:00:00,2026-05-08 11:00:00,,0.0,13,2026-05-06
2026-06-24 13:29:19,2026-05-06 13:00:00,RFID-002,GPS954,GPS,14.528336,121.054559,,,False,,,Deep Freeze,Bayanan,Taguig City,2,VH-002,DR-002,Delivered,2026-05-06 20:00:00,2026-05-06 20:00:00,,0.0,13,2026-05-06
2026-06-24 13:29:20,2026-05-06 13:00:00,RFID-038,GPS216,GPS,12.515247,122.303596,,,False,,,Chill/Refrigerated,Davao,Bignay,27,VH-038,DR-038,Delayed,2026-05-08 20:00:00,2026-05-08 23:00:00,Weather,3.0,13,2026-05-06
2026-06-24 13:29:20,2026-05-06 13:00:00,RFID-004,GPS508,GPS,14.462249,121.050889,,,False,,,Cool-Chain,Central Signal Village,Don Bosco,1,VH-004,DR-004,Delivered,2026-05-07 17:00:00,2026-05-07 17:00:00,,0.0,13,2026-05-06
2026-06-24 13:29:23,2026-05-06 13:00:00,RFID-013,GPS353,GPS,14.38284,120.992832,,,False,,,Deep Freeze,San Pedro,Don Bosco,15,VH-013,DR-013,Delivered,2026-05-07 07:00:00,2026-05-07 07:00:00,,0.0,13,2026-05-06
2026-06-24 13:29:26,2026-05-06 14:00:00,RFID-049,GPS163,GPS,14.524991,120.989429,,,False,,,Cool-Chain,Putatan,Tatalon,9,VH-049,DR-049,Delayed,2026-05-07 00:00:00,2026-05-07 05:00:00,Traffic,5.0,14,2026-05-06
2026-06-24 13:29:28,2026-05-06 14:00:00,RFID-046,GPS964,GPS,14.672834,120.995484,,,False,,,Cool-Chain,Bignay,Pateros,14,VH-046,DR-046,Delivered,2026-05-08 03:00:00,2026-05-08 03:00:00,,0.0,14,2026-05-06
2026-06-24 13:29:30,2026-05-06 14:00:00,RFID-012,GPS565,GPS,14.46153,120.954492,,,False,,,Clothing,Tatalon,Bacoor,25,VH-012,DR-012,Delivered,2026-05-08 12:00:00,2026-05-08 12:00:00,,0.0,14,2026-05-06
2026-06-24 13:29:32,2026-05-06 15:00:00,RFID-013,GPS256,GPS,14.416379,120.987124,,,False,,,Deep Freeze,San Pedro,Don Bosco,15,VH-013,DR-013,Delivered,2026-05-07 07:00:00,2026-05-07 07:00:00,,0.0,15,2026-05-06
2026-06-24 13:29:35,2026-05-06 15:00:00,RFID-038,GPS896,GPS,13.673652,121.651425,,,False,,,Chill/Refrigerated,Davao,Bignay,27,VH-038,DR-038,Delayed,2026-05-08 20:00:00,2026-05-08 23:00:00,Weather,3.0,15,2026-05-06
2026-06-24 13:29:39,2026-05-06 15:00:00,RFID-002,GPS540,GPS,14.490893,121.055253,,,False,,,Deep Freeze,Bayanan,Taguig City,2,VH-002,DR-002,Delivered,2026-05-06 20:00:00,2026-05-06 20:00:00,,0.0,15,2026-05-06
2026-06-24 13:29:39,2026-05-06 15:00:00,RFID-041,GPS462,GPS,14.467679,120.960509,,,False,,,Chill/Refrigerated,Rosario,Central Signal Village,13,VH-041,DR-041,Delivered,2026-05-08 11:00:00,2026-05-08 11:00:00,,0.0,15,2026-05-06
2026-06-24 13:29:41,2026-05-06 15:00:00,RFID-004,GPS891,GPS,14.468655,121.066778,,,False,,,Cool-Chain,Central Signal Village,Don Bosco,1,VH-004,DR-004,Delivered,2026-05-07 17:00:00,2026-05-07 17:00:00,,0.0,15,2026-05-06
2026-06-24 13:29:44,2026-05-06 16:00:00,RFID-046,GPS510,GPS,14.562758,121.040382,,,False,,,Cool-Chain,Bignay,Pateros,14,VH-046,DR-046,Delivered,2026-05-08 03:00:00,2026-05-08 03:00:00,,0.0,16,2026-05-06
2026-06-24 13:29:45,2026-05-06 16:00:00,RFID-012,GPS488,GPS,14.445085,120.990623,,,False,,,Clothing,Tatalon,Bacoor,25,VH-012,DR-012,Delivered,2026-05-08 12:00:00,2026-05-08 12:00:00,,0.0,16,2026-05-06
2026-06-24 13:29:46,2026-05-06 16:00:00,RFID-049,GPS957,GPS,14.554738,121.052425,,,False,,,Cool-Chain,Putatan,Tatalon,9,VH-049,DR-049,Delayed,2026-05-07 00:00:00,2026-05-07 05:00:00,Traffic,5.0,16,2026-05-06
2026-06-24 13:29:48,2026-05-06 17:00:00,RFID-013,GPS217,GPS,14.437926,121.027799,,,False,,,Deep Freeze,San Pedro,Don Bosco,15,VH-013,DR-013,Delivered,2026-05-07 07:00:00,2026-05-07 07:00:00,,0.0,17,2026-05-06
2026-06-24 13:29:49,2026-05-06 17:00:00,RFID-038,GPS562,GPS,14.731804,121.005467,,,False,,,Chill/Refrigerated,Davao,Bignay,27,VH-038,DR-038,Delayed,2026-05-08 20:00:00,2026-05-08 23:00:00,Weather,3.0,17,2026-05-06
2026-06-24 13:29:50,2026-05-06 17:00:00,RFID-004,GPS509,GPS,14.459612,121.039948,,,False,,,Cool-Chain,Central Signal Village,Don Bosco,1,VH-004,DR-004,Delivered,2026-05-07 17:00:00,2026-05-07 17:00:00,,0.0,17,2026-05-06
2026-06-24 13:29:52,2026-05-06 17:00:00,RFID-002,GPS915,GPS,14.482745,121.030826,,,False,,,Deep Freeze,Bayanan,Taguig City,2,VH-002,DR-002,Delivered,2026-05-06 20:00:00,2026-05-06 20:00:00,,0.0,17,2026-05-06
2026-06-24 13:29:53,2026-05-06 17:00:00,RFID-041,GPS533,GPS,14.535018,121.072056,,,False,,,Chill/Refrigerated,Rosario,Central Signal Village,13,VH-041,DR-041,Delivered,2026-05-08 11:00:00,2026-05-08 11:00:00,,0.0,17,2026-05-06
2026-06-24 13:29:56,2026-05-06 18:00:00,RFID-049,GPS616,GPS,14.576287,121.039746,,,False,,,Cool-Chain,Putatan,Tatalon,9,VH-049,DR-049,Delayed,2026-05-07 00:00:00,2026-05-07 05:00:00,Traffic,5.0,18,2026-05-06
2026-06-24 13:29:57,2026-05-06 18:00:00,RFID-046,GPS417,GPS,14.575882,121.046534,,,False,,,Cool-Chain,Bignay,Pateros,14,VH-046,DR-046,Delivered,2026-05-08 03:00:00,2026-05-08 03:00:00,,0.0,18,2026-05-06
2026-06-24 13:30:00,2026-05-06 19:00:00,RFID-041,GPS394,GPS,14.547409,121.079706,,,False,,,Chill/Refrigerated,Rosario,Central Signal Village,13,VH-041,DR-041,Delivered,2026-05-08 11:00:00,2026-05-08 11:00:00,,0.0,19,2026-05-06
2026-06-24 13:30:00,2026-05-06 19:00:00,RFID-013,GPS816,GPS,14.488097,120.997596,,,False,,,Deep Freeze,San Pedro,Don Bosco,15,VH-013,DR-013,Delivered,2026-05-07 07:00:00,2026-05-07 07:00:00,,0.0,19,2026-05-06
2026-06-24 13:30:03,2026-05-06 20:00:00,RFID-046,GPS897,GPS,14.56938,121.039257,,,False,,,Cool-Chain,Bignay,Pateros,14,VH-046,DR-046,Delivered,2026-05-08 03:00:00,2026-05-08 03:00:00,,0.0,20,2026-05-06
2026-06-24 13:30:04,2026-05-06 20:00:00,RFID-049,GPS824,GPS,14.638813,120.969214,,,False,,,Cool-Chain,Putatan,Tatalon,9,VH-049,DR-049,Delayed,2026-05-07 00:00:00,2026-05-07 05:00:00,Traffic,5.0,20,2026-05-06
2026-06-24 13:19:47,2026-05-03 09:00:00,RFID-001,TMP649,Temperature,,,,3.2,False,False,,Pharma,Tatalon,Pasig City,9,VH-001,DR-001,Delivered,2026-05-05 20:00:00,2026-05-05 20:00:00,,0.0,9,2026-05-03
2026-06-24 13:19:49,2026-05-03 11:00:00,RFID-007,TMP935,Temperature,,,,-18.8,False,False,,Frozen,Malabon,Quiapo,25,VH-007,DR-007,Delivered,2026-05-05 21:00:00,2026-05-05 21:00:00,,0.0,11,2026-05-03
2026-06-24 13:19:49,2026-05-03 11:00:00,RFID-001,TMP632,Temperature,,,,9.0,False,True,1.0,Pharma,Tatalon,Pasig City,9,VH-001,DR-001,Delivered,2026-05-05 20:00:00,2026-05-05 20:00:00,,0.0,11,2026-05-03
2026-06-24 13:19:52,2026-05-03 12:00:00,RFID-034,TMP106,Temperature,,,,-19.5,False,False,,Frozen,Santamesa,Malate,4,VH-034,DR-034,Delivered,2026-05-05 19:00:00,2026-05-05 19:00:00,,0.0,12,2026-05-03
2026-06-24 13:19:55,2026-05-03 13:00:00,RFID-042,TMP870,Temperature,,,,-29.6,False,False,,Deep Freeze,Navotas,Pasay City,48,VH-042,DR-042,Delivered,2026-05-05 14:00:00,2026-05-05 14:00:00,,0.0,13,2026-05-03
2026-06-24 13:19:56,2026-05-03 13:00:00,RFID-031,TMP672,Temperature,,,,-17.1,False,False,,Frozen,Caloocan City,Marikina Heights,33,VH-031,DR-031,Delayed,2026-05-04 15:00:00,2026-05-04 17:00:00,RFID flag,2.0,13,2026-05-03
2026-06-24 13:19:58,2026-05-03 13:00:00,RFID-007,TMP691,Temperature,,,,-17.7,False,False,,Frozen,Malabon,Quiapo,25,VH-007,DR-007,Delivered,2026-05-05 21:00:00,2026-05-05 21:00:00,,0.0,13,2026-05-03
2026-06-24 13:20:01,2026-05-03 13:00:00,RFID-001,TMP834,Temperature,,,,6.1,False,False,,Pharma,Tatalon,Pasig City,9,VH-001,DR-001,Delivered,2026-05-05 20:00:00,2026-05-05 20:00:00,,0.0,13,2026-05-03
2026-06-24 13:20:04,2026-05-03 14:00:00,RFID-030,TMP424,Temperature,,,,6.4,False,False,,Pharma,Sampaloc,Mandaluyong City,1,VH-030,DR-030,Delayed,2026-05-04 23:00:00,2026-05-05 09:00:00,Weather,10.0,14,2026-05-03
2026-06-24 13:20:06,2026-05-03 14:00:00,RFID-034,TMP735,Temperature,,,,-18.7,False,False,,Frozen,Santamesa,Malate,4,VH-034,DR-034,Delivered,2026-05-05 19:00:00,2026-05-05 19:00:00,,0.0,14,2026-05-03
2026-06-24 13:20:08,2026-05-03 14:00:00,RFID-009,TMP904,Temperature,,,,13.3,False,False,,Cool-Chain,Las Piñas City,Marikina Heights,6,VH-009,DR-009,Delivered,2026-05-04 04:00:00,2026-05-04 04:00:00,,0.0,14,2026-05-03
2026-06-24 13:20:12,2026-05-03 15:00:00,RFID-031,TMP685,Temperature,,,,-16.1,False,False,,Frozen,Caloocan City,Marikina Heights,33,VH-031,DR-031,Delayed,2026-05-04 15:00:00,2026-05-04 17:00:00,RFID flag,2.0,15,2026-05-03
2026-06-24 13:20:13,2026-05-03 15:00:00,RFID-007,TMP428,Temperature,,,,-17.3,False,False,,Frozen,Malabon,Quiapo,25,VH-007,DR-007,Delivered,2026-05-05 21:00:00,2026-05-05 21:00:00,,0.0,15,2026-05-03
2026-06-24 13:20:14,2026-05-03 15:00:00,RFID-042,TMP691,Temperature,,,,-28.4,False,False,,Deep Freeze,Navotas,Pasay City,48,VH-042,DR-042,Delivered,2026-05-05 14:00:00,2026-05-05 14:00:00,,0.0,15,2026-05-03
2026-06-24 13:20:15,2026-05-03 15:00:00,RFID-001,TMP622,Temperature,,,,2.5,False,False,,Pharma,Tatalon,Pasig City,9,VH-001,DR-001,Delivered,2026-05-05 20:00:00,2026-05-05 20:00:00,,0.0,15,2026-05-03
2026-06-24 13:20:18,2026-05-03 16:00:00,RFID-009,TMP518,Temperature,,,,13.4,False,False,,Cool-Chain,Las Piñas City,Marikina Heights,6,VH-009,DR-009,Delivered,2026-05-04 04:00:00,2026-05-04 04:00:00,,0.0,16,2026-05-03
2026-06-24 13:20:20,2026-05-03 16:00:00,RFID-034,TMP550,Temperature,,,,-16.6,False,False,,Frozen,Santamesa,Malate,4,VH-034,DR-034,Delivered,2026-05-05 19:00:00,2026-05-05 19:00:00,,0.0,16,2026-05-03
2026-06-24 13:20:23,2026-05-03 16:00:00,RFID-030,TMP415,Temperature,,,,2.5,False,False,,Pharma,Sampaloc,Mandaluyong City,1,VH-030,DR-030,Delayed,2026-05-04 23:00:00,2026-05-05 09:00:00,Weather,10.0,16,2026-05-03
2026-06-24 13:20:26,2026-05-03 16:00:00,RFID-044,TMP404,Temperature,,,,6.2,False,False,,Pharma,Davao,Banco Filipino International Village,26,VH-044,DR-044,Delayed,2026-05-06 10:00:00,2026-05-06 21:00:00,Route change,11.0,16,2026-05-03
2026-06-24 13:20:27,2026-05-03 16:00:00,RFID-026,TMP870,Temperature,,,,-17.7,False,False,,Frozen,Sampaloc,Pateros,49,VH-026,DR-026,Delivered,2026-05-04 09:00:00,2026-05-04 09:00:00,,0.0,16,2026-05-03
2026-06-24 13:20:31,2026-05-03 17:00:00,RFID-007,TMP776,Temperature,,,,-16.5,False,False,,Frozen,Malabon,Quiapo,25,VH-007,DR-007,Delivered,2026-05-05 21:00:00,2026-05-05 21:00:00,,0.0,17,2026-05-03
2026-06-24 13:20:33,2026-05-03 17:00:00,RFID-001,TMP235,Temperature,,,,2.3,False,False,,Pharma,Tatalon,Pasig City,9,VH-001,DR-001,Delivered,2026-05-05 20:00:00,2026-05-05 20:00:00,,0.0,17,2026-05-03
2026-06-24 13:20:33,2026-05-03 17:00:00,RFID-042,TMP291,Temperature,,,,-25.4,False,True,2.6,Deep Freeze,Navotas,Pasay City,48,VH-042,DR-042,Delivered,2026-05-05 14:00:00,2026-05-05 14:00:00,,0.0,17,2026-05-03
2026-06-24 13:20:38,2026-05-03 17:00:00,RFID-031,TMP273,Temperature,,,,-17.3,False,False,,Frozen,Caloocan City,Marikina Heights,33,VH-031,DR-031,Delayed,2026-05-04 15:00:00,2026-05-04 17:00:00,RFID flag,2.0,17,2026-05-03
2026-06-24 13:20:40,2026-05-03 18:00:00,RFID-034,TMP980,Temperature,,,,-16.7,False,False,,Frozen,Santamesa,Malate,4,VH-034,DR-034,Delivered,2026-05-05 19:00:00,2026-05-05 19:00:00,,0.0,18,2026-05-03
2026-06-24 13:20:41,2026-05-03 18:00:00,RFID-030,TMP204,Temperature,,,,6.6,False,False,,Pharma,Sampaloc,Mandaluyong City,1,VH-030,DR-030,Delayed,2026-05-04 23:00:00,2026-05-05 09:00:00,Weather,10.0,18,2026-05-03
2026-06-24 13:20:43,2026-05-03 18:00:00,RFID-026,TMP178,Temperature,,,,-16.7,False,False,,Frozen,Sampaloc,Pateros,49,VH-026,DR-026,Delivered,2026-05-04 09:00:00,2026-05-04 09:00:00,,0.0,18,2026-05-03
2026-06-24 13:20:45,2026-05-03 18:00:00,RFID-009,TMP872,Temperature,,,,15.1,False,True,1.1,Cool-Chain,Las Piñas City,Marikina Heights,6,VH-009,DR-009,Delivered,2026-05-04 04:00:00,2026-05-04 04:00:00,,0.0,18,2026-05-03
2026-06-24 13:20:46,2026-05-03 18:00:00,RFID-044,TMP788,Temperature,,,,5.5,False,False,,Pharma,Davao,Banco Filipino International Village,26,VH-044,DR-044,Delayed,2026-05-06 10:00:00,2026-05-06 21:00:00,Route change,11.0,18,2026-05-03
2026-06-24 13:20:49,2026-05-03 19:00:00,RFID-031,TMP604,Temperature,,,,-15.1,False,True,0.9,Frozen,Caloocan City,Marikina Heights,33,VH-031,DR-031,Delayed,2026-05-04 15:00:00,2026-05-04 17:00:00,RFID flag,2.0,19,2026-05-03
2026-06-24 13:20:52,2026-05-03 19:00:00,RFID-007,TMP381,Temperature,,,,-18.3,False,False,,Frozen,Malabon,Quiapo,25,VH-007,DR-007,Delivered,2026-05-05 21:00:00,2026-05-05 21:00:00,,0.0,19,2026-05-03
2026-06-24 13:20:54,2026-05-03 19:00:00,RFID-042,TMP216,Temperature,,,,-29.6,False,False,,Deep Freeze,Navotas,Pasay City,48,VH-042,DR-042,Delivered,2026-05-05 14:00:00,2026-05-05 14:00:00,,0.0,19,2026-05-03
2026-06-24 13:20:56,2026-05-03 19:00:00,RFID-001,TMP159,Temperature,,,,4.7,False,False,,Pharma,Tatalon,Pasig City,9,VH-001,DR-001,Delivered,2026-05-05 20:00:00,2026-05-05 20:00:00,,0.0,19,2026-05-03
2026-06-24 13:20:59,2026-05-03 20:00:00,RFID-030,TMP559,Temperature,,,,8.6,False,True,0.6,Pharma,Sampaloc,Mandaluyong City,1,VH-030,DR-030,Delayed,2026-05-04 23:00:00,2026-05-05 09:00:00,Weather,10.0,20,2026-05-03
2026-06-24 13:21:01,2026-05-03 20:00:00,RFID-044,TMP412,Temperature,,,,8.4,False,True,0.4,Pharma,Davao,Banco Filipino International Village,26,VH-044,DR-044,Delayed,2026-05-06 10:00:00,2026-05-06 21:00:00,Route change,11.0,20,2026-05-03
2026-06-24 13:21:03,2026-05-03 20:00:00,RFID-026,TMP680,Temperature,,,,-17.7,False,False,,Frozen,Sampaloc,Pateros,49,VH-026,DR-026,Delivered,2026-05-04 09:00:00,2026-05-04 09:00:00,,0.0,20,2026-05-03
2026-06-24 13:21:07,2026-05-03 20:00:00,RFID-034,TMP407,Temperature,,,,-17.6,False,False,,Frozen,Santamesa,Malate,4,VH-034,DR-034,Delivered,2026-05-05 19:00:00,2026-05-05 19:00:00,,0.0,20,2026-05-03
2026-06-24 13:21:08,2026-05-03 20:00:00,RFID-009,TMP330,Temperature,,,,12.5,False,False,,Cool-Chain,Las Piñas City,Marikina Heights,6,VH-009,DR-009,Delivered,2026-05-04 04:00:00,2026-05-04 04:00:00,,0.0,20,2026-05-03
2026-06-24 13:21:10,2026-05-03 21:00:00,RFID-042,TMP640,Temperature,,,,-28.3,False,False,,Deep Freeze,Navotas,Pasay City,48,VH-042,DR-042,Delivered,2026-05-05 14:00:00,2026-05-05 14:00:00,,0.0,21,2026-05-03
2026-06-24 13:21:12,2026-05-03 21:00:00,RFID-007,TMP852,Temperature,,,,-13.2,False,True,2.8,Frozen,Malabon,Quiapo,25,VH-007,DR-007,Delivered,2026-05-05 21:00:00,2026-05-05 21:00:00,,0.0,21,2026-05-03
2026-06-24 13:21:16,2026-05-03 21:00:00,RFID-001,TMP415,Temperature,,,,6.0,False,False,,Pharma,Tatalon,Pasig City,9,VH-001,DR-001,Delivered,2026-05-05 20:00:00,2026-05-05 20:00:00,,0.0,21,2026-05-03
2026-06-24 13:21:18,2026-05-03 21:00:00,RFID-031,TMP382,Temperature,,,,-15.5,False,True,0.5,Frozen,Caloocan City,Marikina Heights,33,VH-031,DR-031,Delayed,2026-05-04 15:00:00,2026-05-04 17:00:00,RFID flag,2.0,21,2026-05-03
2026-06-24 13:21:20,2026-05-03 22:00:00,RFID-026,TMP653,Temperature,,,,-18.4,False,False,,Frozen,Sampaloc,Pateros,49,VH-026,DR-026,Delivered,2026-05-04 09:00:00,2026-05-04 09:00:00,,0.0,22,2026-05-03
2026-06-24 13:21:25,2026-05-03 22:00:00,RFID-030,TMP205,Temperature,,,,5.1,False,False,,Pharma,Sampaloc,Mandaluyong City,1,VH-030,DR-030,Delayed,2026-05-04 23:00:00,2026-05-05 09:00:00,Weather,10.0,22,2026-05-03
2026-06-24 13:21:26,2026-05-03 22:00:00,RFID-009,TMP925,Temperature,,,,13.4,False,False,,Cool-Chain,Las Piñas City,Marikina Heights,6,VH-009,DR-009,Delivered,2026-05-04 04:00:00,2026-05-04 04:00:00,,0.0,22,2026-05-03
2026-06-24 13:21:28,2026-05-03 22:00:00,RFID-034,TMP305,Temperature,,,,-16.2,False,False,,Frozen,Santamesa,Malate,4,VH-034,DR-034,Delivered,2026-05-05 19:00:00,2026-05-05 19:00:00,,0.0,22,2026-05-03
2026-06-24 13:21:28,2026-05-03 22:00:00,RFID-044,TMP244,Temperature,,,,9.1,False,True,1.1,Pharma,Davao,Banco Filipino International Village,26,VH-044,DR-044,Delayed,2026-05-06 10:00:00,2026-05-06 21:00:00,Route change,11.0,22,2026-05-03
2026-06-24 13:21:30,2026-05-03 23:00:00,RFID-001,TMP936,Temperature,,,,4.4,False,False,,Pharma,Tatalon,Pasig City,9,VH-001,DR-001,Delivered,2026-05-05 20:00:00,2026-05-05 20:00:00,,0.0,23,2026-05-03
2026-06-24 13:21:31,2026-05-03 23:00:00,RFID-007,TMP537,Temperature,,,,-17.5,False,False,,Frozen,Malabon,Quiapo,25,VH-007,DR-007,Delivered,2026-05-05 21:00:00,2026-05-05 21:00:00,,0.0,23,2026-05-03
2026-06-24 13:21:36,2026-05-03 23:00:00,RFID-042,TMP497,Temperature,,,,-29.4,False,False,,Deep Freeze,Navotas,Pasay City,48,VH-042,DR-042,Delivered,2026-05-05 14:00:00,2026-05-05 14:00:00,,0.0,23,2026-05-03
2026-06-24 13:21:38,2026-05-03 23:00:00,RFID-031,TMP178,Temperature,,,,-18.1,False,False,,Frozen,Caloocan City,Marikina Heights,33,VH-031,DR-031,Delayed,2026-05-04 15:00:00,2026-05-04 17:00:00,RFID flag,2.0,23,2026-05-03
2026-06-24 13:21:39,2026-05-04 00:00:00,RFID-009,TMP522,Temperature,,,,12.1,False,False,,Cool-Chain,Las Piñas City,Marikina Heights,6,VH-009,DR-009,Delivered,2026-05-04 04:00:00,2026-05-04 04:00:00,,0.0,0,2026-05-04
2026-06-24 13:21:44,2026-05-04 00:00:00,RFID-034,TMP507,Temperature,,,,-19.3,False,False,,Frozen,Santamesa,Malate,4,VH-034,DR-034,Delivered,2026-05-05 19:00:00,2026-05-05 19:00:00,,0.0,0,2026-05-04
2026-06-24 13:21:46,2026-05-04 00:00:00,RFID-044,TMP241,Temperature,,,,4.5,False,False,,Pharma,Davao,Banco Filipino International Village,26,VH-044,DR-044,Delayed,2026-05-06 10:00:00,2026-05-06 21:00:00,Route change,11.0,0,2026-05-04
2026-06-24 13:21:47,2026-05-04 00:00:00,RFID-030,TMP195,Temperature,,,,9.1,False,True,1.1,Pharma,Sampaloc,Mandaluyong City,1,VH-030,DR-030,Delayed,2026-05-04 23:00:00,2026-05-05 09:00:00,Weather,10.0,0,2026-05-04
2026-06-24 13:21:48,2026-05-04 00:00:00,RFID-026,TMP243,Temperature,,,,-17.0,False,False,,Frozen,Sampaloc,Pateros,49,VH-026,DR-026,Delivered,2026-05-04 09:00:00,2026-05-04 09:00:00,,0.0,0,2026-05-04
2026-06-24 13:21:52,2026-05-04 01:00:00,RFID-007,TMP452,Temperature,,,,-19.8,False,False,,Frozen,Malabon,Quiapo,25,VH-007,DR-007,Delivered,2026-05-05 21:00:00,2026-05-05 21:00:00,,0.0,1,2026-05-04
2026-06-24 13:21:55,2026-05-04 01:00:00,RFID-042,TMP456,Temperature,,,,-28.8,False,False,,Deep Freeze,Navotas,Pasay City,48,VH-042,DR-042,Delivered,2026-05-05 14:00:00,2026-05-05 14:00:00,,0.0,1,2026-05-04
2026-06-24 13:21:56,2026-05-04 01:00:00,RFID-031,TMP838,Temperature,,,,-16.2,False,False,,Frozen,Caloocan City,Marikina Heights,33,VH-031,DR-031,Delayed,2026-05-04 15:00:00,2026-05-04 17:00:00,RFID flag,2.0,1,2026-05-04
2026-06-24 13:21:59,2026-05-04 02:00:00,RFID-044,TMP598,Temperature,,,,4.5,False,False,,Pharma,Davao,Banco Filipino International Village,26,VH-044,DR-044,Delayed,2026-05-06 10:00:00,2026-05-06 21:00:00,Route change,11.0,2,2026-05-04
2026-06-24 13:21:59,2026-05-04 02:00:00,RFID-026,TMP180,Temperature,,,,-17.2,False,False,,Frozen,Sampaloc,Pateros,49,VH-026,DR-026,Delivered,2026-05-04 09:00:00,2026-05-04 09:00:00,,0.0,2,2026-05-04
2026-06-24 13:22:00,2026-05-04 02:00:00,RFID-030,TMP984,Temperature,,,,6.7,False,False,,Pharma,Sampaloc,Mandaluyong City,1,VH-030,DR-030,Delayed,2026-05-04 23:00:00,2026-05-05 09:00:00,Weather,10.0,2,2026-05-04
2026-06-24 13:22:01,2026-05-04 02:00:00,RFID-005,TMP215,Temperature,,,,13.5,False,False,,Cool-Chain,Karuhatan,Quiapo,10,VH-005,DR-005,Delivered,2026-05-06 10:00:00,2026-05-06 10:00:00,,0.0,2,2026-05-04
2026-06-24 13:22:09,2026-05-04 02:00:00,RFID-034,TMP811,Temperature,,,,-18.8,False,False,,Frozen,Santamesa,Malate,4,VH-034,DR-034,Delivered,2026-05-05 19:00:00,2026-05-05 19:00:00,,0.0,2,2026-05-04
2026-06-24 13:22:10,2026-05-04 02:00:00,RFID-009,TMP237,Temperature,,,,13.1,False,False,,Cool-Chain,Las Piñas City,Marikina Heights,6,VH-009,DR-009,Delivered,2026-05-04 04:00:00,2026-05-04 04:00:00,,0.0,2,2026-05-04
2026-06-24 13:22:12,2026-05-04 03:00:00,RFID-042,TMP276,Temperature,,,,-29.1,False,False,,Deep Freeze,Navotas,Pasay City,48,VH-042,DR-042,Delivered,2026-05-05 14:00:00,2026-05-05 14:00:00,,0.0,3,2026-05-04
2026-06-24 13:22:14,2026-05-04 03:00:00,RFID-031,TMP300,Temperature,,,,-17.6,False,False,,Frozen,Caloocan City,Marikina Heights,33,VH-031,DR-031,Delayed,2026-05-04 15:00:00,2026-05-04 17:00:00,RFID flag,2.0,3,2026-05-04
2026-06-24 13:22:20,2026-05-04 04:00:00,RFID-005,TMP729,Temperature,,,,16.0,False,True,2.0,Cool-Chain,Karuhatan,Quiapo,10,VH-005,DR-005,Delivered,2026-05-06 10:00:00,2026-05-06 10:00:00,,0.0,4,2026-05-04
2026-06-24 13:22:21,2026-05-04 04:00:00,RFID-026,TMP154,Temperature,,,,-16.1,False,False,,Frozen,Sampaloc,Pateros,49,VH-026,DR-026,Delivered,2026-05-04 09:00:00,2026-05-04 09:00:00,,0.0,4,2026-05-04
2026-06-24 13:22:22,2026-05-04 04:00:00,RFID-030,TMP497,Temperature,,,,3.8,False,False,,Pharma,Sampaloc,Mandaluyong City,1,VH-030,DR-030,Delayed,2026-05-04 23:00:00,2026-05-05 09:00:00,Weather,10.0,4,2026-05-04
2026-06-24 13:22:25,2026-05-04 04:00:00,RFID-044,TMP760,Temperature,,,,6.2,False,False,,Pharma,Davao,Banco Filipino International Village,26,VH-044,DR-044,Delayed,2026-05-06 10:00:00,2026-05-06 21:00:00,Route change,11.0,4,2026-05-04
2026-06-24 13:22:25,2026-05-04 04:00:00,RFID-009,TMP438,Temperature,,,,12.5,False,False,,Cool-Chain,Las Piñas City,Marikina Heights,6,VH-009,DR-009,Delivered,2026-05-04 04:00:00,2026-05-04 04:00:00,,0.0,4,2026-05-04
2026-06-24 13:22:33,2026-05-04 06:00:00,RFID-026,TMP177,Temperature,,,,-15.3,False,True,0.7,Frozen,Sampaloc,Pateros,49,VH-026,DR-026,Delivered,2026-05-04 09:00:00,2026-05-04 09:00:00,,0.0,6,2026-05-04
2026-06-24 13:22:35,2026-05-04 06:00:00,RFID-005,TMP116,Temperature,,,,13.8,False,False,,Cool-Chain,Karuhatan,Quiapo,10,VH-005,DR-005,Delivered,2026-05-06 10:00:00,2026-05-06 10:00:00,,0.0,6,2026-05-04
2026-06-24 13:22:38,2026-05-04 06:00:00,RFID-044,TMP270,Temperature,,,,3.0,False,False,,Pharma,Davao,Banco Filipino International Village,26,VH-044,DR-044,Delayed,2026-05-06 10:00:00,2026-05-06 21:00:00,Route change,11.0,6,2026-05-04
2026-06-24 13:22:41,2026-05-04 08:00:00,RFID-011,TMP967,Temperature,,,,-16.3,False,False,,Frozen,Santa Cruz,San Andres,39,VH-011,DR-011,Delivered,2026-05-06 14:00:00,2026-05-06 14:00:00,,0.0,8,2026-05-04
2026-06-24 13:22:44,2026-05-04 08:00:00,RFID-005,TMP708,Temperature,,,,12.1,False,False,,Cool-Chain,Karuhatan,Quiapo,10,VH-005,DR-005,Delivered,2026-05-06 10:00:00,2026-05-06 10:00:00,,0.0,8,2026-05-04
2026-06-24 13:22:49,2026-05-04 09:00:00,RFID-039,TMP453,Temperature,,,,-29.0,False,False,,Deep Freeze,Western Bicutan,Malate,11,VH-039,DR-039,Delivered,2026-05-07 04:00:00,2026-05-07 04:00:00,,0.0,9,2026-05-04
2026-06-24 13:22:52,2026-05-04 10:00:00,RFID-005,TMP820,Temperature,,,,15.8,False,True,1.8,Cool-Chain,Karuhatan,Quiapo,10,VH-005,DR-005,Delivered,2026-05-06 10:00:00,2026-05-06 10:00:00,,0.0,10,2026-05-04
2026-06-24 13:22:53,2026-05-04 10:00:00,RFID-011,TMP949,Temperature,,,,-17.9,False,False,,Frozen,Santa Cruz,San Andres,39,VH-011,DR-011,Delivered,2026-05-06 14:00:00,2026-05-06 14:00:00,,0.0,10,2026-05-04
2026-06-24 13:23:00,2026-05-04 11:00:00,RFID-039,TMP402,Temperature,,,,-29.0,False,False,,Deep Freeze,Western Bicutan,Malate,11,VH-039,DR-039,Delivered,2026-05-07 04:00:00,2026-05-07 04:00:00,,0.0,11,2026-05-04
2026-06-24 13:23:01,2026-05-04 12:00:00,RFID-011,TMP789,Temperature,,,,-15.2,False,True,0.8,Frozen,Santa Cruz,San Andres,39,VH-011,DR-011,Delivered,2026-05-06 14:00:00,2026-05-06 14:00:00,,0.0,12,2026-05-04
2026-06-24 13:23:03,2026-05-04 12:00:00,RFID-005,TMP145,Temperature,,,,12.5,False,False,,Cool-Chain,Karuhatan,Quiapo,10,VH-005,DR-005,Delivered,2026-05-06 10:00:00,2026-05-06 10:00:00,,0.0,12,2026-05-04
2026-06-24 13:23:07,2026-05-04 13:00:00,RFID-045,TMP422,Temperature,,,,-19.4,False,False,,Frozen,Pasig City,Pateros,27,VH-045,DR-045,Delivered,2026-05-06 14:00:00,2026-05-06 14:00:00,,0.0,13,2026-05-04
2026-06-24 13:23:12,2026-05-04 13:00:00,RFID-039,TMP218,Temperature,,,,-28.1,False,False,,Deep Freeze,Western Bicutan,Malate,11,VH-039,DR-039,Delivered,2026-05-07 04:00:00,2026-05-07 04:00:00,,0.0,13,2026-05-04
2026-06-24 13:23:16,2026-05-04 14:00:00,RFID-005,TMP322,Temperature,,,,12.5,False,False,,Cool-Chain,Karuhatan,Quiapo,10,VH-005,DR-005,Delivered,2026-05-06 10:00:00,2026-05-06 10:00:00,,0.0,14,2026-05-04
2026-06-24 13:23:17,2026-05-04 14:00:00,RFID-011,TMP174,Temperature,,,,-19.8,False,False,,Frozen,Santa Cruz,San Andres,39,VH-011,DR-011,Delivered,2026-05-06 14:00:00,2026-05-06 14:00:00,,0.0,14,2026-05-04
2026-06-24 13:23:23,2026-05-04 15:00:00,RFID-039,TMP456,Temperature,,,,-28.5,False,False,,Deep Freeze,Western Bicutan,Malate,11,VH-039,DR-039,Delivered,2026-05-07 04:00:00,2026-05-07 04:00:00,,0.0,15,2026-05-04
2026-06-24 13:23:25,2026-05-04 15:00:00,RFID-045,TMP986,Temperature,,,,-17.5,False,False,,Frozen,Pasig City,Pateros,27,VH-045,DR-045,Delivered,2026-05-06 14:00:00,2026-05-06 14:00:00,,0.0,15,2026-05-04
2026-06-24 13:23:26,2026-05-04 16:00:00,RFID-011,TMP841,Temperature,,,,-13.7,False,True,2.3,Frozen,Santa Cruz,San Andres,39,VH-011,DR-011,Delivered,2026-05-06 14:00:00,2026-05-06 14:00:00,,0.0,16,2026-05-04
2026-06-24 13:23:31,2026-05-04 16:00:00,RFID-005,TMP243,Temperature,,,,13.6,False,False,,Cool-Chain,Karuhatan,Quiapo,10,VH-005,DR-005,Delivered,2026-05-06 10:00:00,2026-05-06 10:00:00,,0.0,16,2026-05-04
2026-06-24 13:23:34,2026-05-04 17:00:00,RFID-039,TMP311,Temperature,,,,-29.1,False,False,,Deep Freeze,Western Bicutan,Malate,11,VH-039,DR-039,Delivered,2026-05-07 04:00:00,2026-05-07 04:00:00,,0.0,17,2026-05-04
2026-06-24 13:23:36,2026-05-04 17:00:00,RFID-045,TMP239,Temperature,,,,-20.0,False,False,,Frozen,Pasig City,Pateros,27,VH-045,DR-045,Delivered,2026-05-06 14:00:00,2026-05-06 14:00:00,,0.0,17,2026-05-04
2026-06-24 13:23:41,2026-05-04 18:00:00,RFID-011,TMP313,Temperature,,,,-19.1,False,False,,Frozen,Santa Cruz,San Andres,39,VH-011,DR-011,Delivered,2026-05-06 14:00:00,2026-05-06 14:00:00,,0.0,18,2026-05-04
2026-06-24 13:23:45,2026-05-04 19:00:00,RFID-039,TMP199,Temperature,,,,-29.3,False,False,,Deep Freeze,Western Bicutan,Malate,11,VH-039,DR-039,Delivered,2026-05-07 04:00:00,2026-05-07 04:00:00,,0.0,19,2026-05-04
2026-06-24 13:23:47,2026-05-04 19:00:00,RFID-045,TMP675,Temperature,,,,-14.8,False,True,1.2,Frozen,Pasig City,Pateros,27,VH-045,DR-045,Delivered,2026-05-06 14:00:00,2026-05-06 14:00:00,,0.0,19,2026-05-04
2026-06-24 13:23:50,2026-05-04 20:00:00,RFID-011,TMP115,Temperature,,,,-18.7,False,False,,Frozen,Santa Cruz,San Andres,39,VH-011,DR-011,Delivered,2026-05-06 14:00:00,2026-05-06 14:00:00,,0.0,20,2026-05-04
2026-06-24 13:23:53,2026-05-04 20:00:00,RFID-023,TMP934,Temperature,,,,9.6,False,True,1.6,Pharma,Santo Niño,Tatalon,10,VH-023,DR-023,Delivered,2026-05-07 13:00:00,2026-05-07 13:00:00,,0.0,20,2026-05-04
2026-06-24 13:23:55,2026-05-04 21:00:00,RFID-045,TMP801,Temperature,,,,-18.0,False,False,,Frozen,Pasig City,Pateros,27,VH-045,DR-045,Delivered,2026-05-06 14:00:00,2026-05-06 14:00:00,,0.0,21,2026-05-04
2026-06-24 13:23:59,2026-05-04 21:00:00,RFID-039,TMP426,Temperature,,,,-28.6,False,False,,Deep Freeze,Western Bicutan,Malate,11,VH-039,DR-039,Delivered,2026-05-07 04:00:00,2026-05-07 04:00:00,,0.0,21,2026-05-04
2026-06-24 13:24:05,2026-05-04 22:00:00,RFID-047,TMP560,Temperature,,,,4.0,False,False,,Chill/Refrigerated,Bignay,Marikina Heights,43,VH-047,DR-047,Delivered,2026-05-06 01:00:00,2026-05-06 01:00:00,,0.0,22,2026-05-04
2026-06-24 13:24:08,2026-05-04 22:00:00,RFID-011,TMP859,Temperature,,,,-19.2,False,False,,Frozen,Santa Cruz,San Andres,39,VH-011,DR-011,Delivered,2026-05-06 14:00:00,2026-05-06 14:00:00,,0.0,22,2026-05-04
2026-06-24 13:24:09,2026-05-04 22:00:00,RFID-023,TMP180,Temperature,,,,6.8,False,False,,Pharma,Santo Niño,Tatalon,10,VH-023,DR-023,Delivered,2026-05-07 13:00:00,2026-05-07 13:00:00,,0.0,22,2026-05-04
2026-06-24 13:24:10,2026-05-04 22:00:00,RFID-014,TMP676,Temperature,,,,4.5,False,False,,Pharma,Quiapo,Zamboanga City,37,VH-014,DR-014,Delivered,2026-05-06 11:00:00,2026-05-06 11:00:00,,0.0,22,2026-05-04
2026-06-24 13:24:14,2026-05-04 23:00:00,RFID-045,TMP554,Temperature,,,,-17.2,False,False,,Frozen,Pasig City,Pateros,27,VH-045,DR-045,Delivered,2026-05-06 14:00:00,2026-05-06 14:00:00,,0.0,23,2026-05-04
2026-06-24 13:24:15,2026-05-04 23:00:00,RFID-039,TMP827,Temperature,,,,-27.9,False,True,0.1,Deep Freeze,Western Bicutan,Malate,11,VH-039,DR-039,Delivered,2026-05-07 04:00:00,2026-05-07 04:00:00,,0.0,23,2026-05-04
2026-06-24 13:24:22,2026-05-05 00:00:00,RFID-023,TMP678,Temperature,,,,4.4,False,False,,Pharma,Santo Niño,Tatalon,10,VH-023,DR-023,Delivered,2026-05-07 13:00:00,2026-05-07 13:00:00,,0.0,0,2026-05-05
2026-06-24 13:24:24,2026-05-05 00:00:00,RFID-047,TMP189,Temperature,,,,3.7,False,False,,Chill/Refrigerated,Bignay,Marikina Heights,43,VH-047,DR-047,Delivered,2026-05-06 01:00:00,2026-05-06 01:00:00,,0.0,0,2026-05-05
2026-06-24 13:24:26,2026-05-05 00:00:00,RFID-014,TMP116,Temperature,,,,6.4,False,False,,Pharma,Quiapo,Zamboanga City,37,VH-014,DR-014,Delivered,2026-05-06 11:00:00,2026-05-06 11:00:00,,0.0,0,2026-05-05
2026-06-24 13:24:34,2026-05-05 01:00:00,RFID-045,TMP131,Temperature,,,,-19.7,False,False,,Frozen,Pasig City,Pateros,27,VH-045,DR-045,Delivered,2026-05-06 14:00:00,2026-05-06 14:00:00,,0.0,1,2026-05-05
2026-06-24 13:24:36,2026-05-05 01:00:00,RFID-035,TMP900,Temperature,,,,7.8,False,False,,Pharma,Poblacion,Bayanan,13,VH-035,DR-035,Delivered,2026-05-07 16:00:00,2026-05-07 16:00:00,,0.0,1,2026-05-05
2026-06-24 13:24:37,2026-05-05 01:00:00,RFID-021,TMP782,Temperature,,,,3.2,False,False,,Chill/Refrigerated,San Pedro,Pansol,30,VH-021,DR-021,Delivered,2026-05-05 20:00:00,2026-05-05 20:00:00,,0.0,1,2026-05-05
2026-06-24 13:24:41,2026-05-05 02:00:00,RFID-023,TMP407,Temperature,,,,6.2,False,False,,Pharma,Santo Niño,Tatalon,10,VH-023,DR-023,Delivered,2026-05-07 13:00:00,2026-05-07 13:00:00,,0.0,2,2026-05-05
2026-06-24 13:24:42,2026-05-05 02:00:00,RFID-047,TMP894,Temperature,,,,4.0,False,False,,Chill/Refrigerated,Bignay,Marikina Heights,43,VH-047,DR-047,Delivered,2026-05-06 01:00:00,2026-05-06 01:00:00,,0.0,2,2026-05-05
2026-06-24 13:24:43,2026-05-05 02:00:00,RFID-014,TMP693,Temperature,,,,7.6,False,False,,Pharma,Quiapo,Zamboanga City,37,VH-014,DR-014,Delivered,2026-05-06 11:00:00,2026-05-06 11:00:00,,0.0,2,2026-05-05
2026-06-24 13:24:46,2026-05-05 03:00:00,RFID-021,TMP775,Temperature,,,,3.8,False,False,,Chill/Refrigerated,San Pedro,Pansol,30,VH-021,DR-021,Delivered,2026-05-05 20:00:00,2026-05-05 20:00:00,,0.0,3,2026-05-05
2026-06-24 13:24:48,2026-05-05 03:00:00,RFID-035,TMP936,Temperature,,,,4.3,False,False,,Pharma,Poblacion,Bayanan,13,VH-035,DR-035,Delivered,2026-05-07 16:00:00,2026-05-07 16:00:00,,0.0,3,2026-05-05
2026-06-24 13:24:50,2026-05-05 03:00:00,RFID-045,TMP133,Temperature,,,,-19.1,False,False,,Frozen,Pasig City,Pateros,27,VH-045,DR-045,Delivered,2026-05-06 14:00:00,2026-05-06 14:00:00,,0.0,3,2026-05-05
2026-06-24 13:24:57,2026-05-05 04:00:00,RFID-047,TMP855,Temperature,,,,2.4,False,False,,Chill/Refrigerated,Bignay,Marikina Heights,43,VH-047,DR-047,Delivered,2026-05-06 01:00:00,2026-05-06 01:00:00,,0.0,4,2026-05-05
2026-06-24 13:24:59,2026-05-05 04:00:00,RFID-014,TMP300,Temperature,,,,3.8,False,False,,Pharma,Quiapo,Zamboanga City,37,VH-014,DR-014,Delivered,2026-05-06 11:00:00,2026-05-06 11:00:00,,0.0,4,2026-05-05
2026-06-24 13:25:02,2026-05-05 04:00:00,RFID-023,TMP769,Temperature,,,,7.1,False,False,,Pharma,Santo Niño,Tatalon,10,VH-023,DR-023,Delivered,2026-05-07 13:00:00,2026-05-07 13:00:00,,0.0,4,2026-05-05
2026-06-24 13:25:04,2026-05-05 05:00:00,RFID-021,TMP664,Temperature,,,,2.0,False,False,,Chill/Refrigerated,San Pedro,Pansol,30,VH-021,DR-021,Delivered,2026-05-05 20:00:00,2026-05-05 20:00:00,,0.0,5,2026-05-05
2026-06-24 13:25:07,2026-05-05 05:00:00,RFID-035,TMP677,Temperature,,,,4.2,False,False,,Pharma,Poblacion,Bayanan,13,VH-035,DR-035,Delivered,2026-05-07 16:00:00,2026-05-07 16:00:00,,0.0,5,2026-05-05
2026-06-24 13:25:14,2026-05-05 06:00:00,RFID-047,TMP827,Temperature,,,,2.7,False,False,,Chill/Refrigerated,Bignay,Marikina Heights,43,VH-047,DR-047,Delivered,2026-05-06 01:00:00,2026-05-06 01:00:00,,0.0,6,2026-05-05
2026-06-24 13:25:16,2026-05-05 06:00:00,RFID-023,TMP132,Temperature,,,,5.9,False,False,,Pharma,Santo Niño,Tatalon,10,VH-023,DR-023,Delivered,2026-05-07 13:00:00,2026-05-07 13:00:00,,0.0,6,2026-05-05
2026-06-24 13:25:19,2026-05-05 06:00:00,RFID-014,TMP953,Temperature,,,,4.3,False,False,,Pharma,Quiapo,Zamboanga City,37,VH-014,DR-014,Delivered,2026-05-06 11:00:00,2026-05-06 11:00:00,,0.0,6,2026-05-05
2026-06-24 13:25:21,2026-05-05 07:00:00,RFID-021,TMP839,Temperature,,,,2.0,False,False,,Chill/Refrigerated,San Pedro,Pansol,30,VH-021,DR-021,Delivered,2026-05-05 20:00:00,2026-05-05 20:00:00,,0.0,7,2026-05-05
2026-06-24 13:25:22,2026-05-05 07:00:00,RFID-035,TMP284,Temperature,,,,11.0,False,True,3.0,Pharma,Poblacion,Bayanan,13,VH-035,DR-035,Delivered,2026-05-07 16:00:00,2026-05-07 16:00:00,,0.0,7,2026-05-05
2026-06-24 13:25:32,2026-05-05 08:00:00,RFID-047,TMP730,Temperature,,,,2.9,False,False,,Chill/Refrigerated,Bignay,Marikina Heights,43,VH-047,DR-047,Delivered,2026-05-06 01:00:00,2026-05-06 01:00:00,,0.0,8,2026-05-05
2026-06-24 13:25:33,2026-05-05 08:00:00,RFID-023,TMP665,Temperature,,,,9.1,False,True,1.1,Pharma,Santo Niño,Tatalon,10,VH-023,DR-023,Delivered,2026-05-07 13:00:00,2026-05-07 13:00:00,,0.0,8,2026-05-05
2026-06-24 13:25:34,2026-05-05 08:00:00,RFID-014,TMP801,Temperature,,,,5.3,False,False,,Pharma,Quiapo,Zamboanga City,37,VH-014,DR-014,Delivered,2026-05-06 11:00:00,2026-05-06 11:00:00,,0.0,8,2026-05-05
2026-06-24 13:25:37,2026-05-05 09:00:00,RFID-021,TMP117,Temperature,,,,4.0,False,False,,Chill/Refrigerated,San Pedro,Pansol,30,VH-021,DR-021,Delivered,2026-05-05 20:00:00,2026-05-05 20:00:00,,0.0,9,2026-05-05
2026-06-24 13:25:37,2026-05-05 09:00:00,RFID-035,TMP844,Temperature,,,,5.3,False,False,,Pharma,Poblacion,Bayanan,13,VH-035,DR-035,Delivered,2026-05-07 16:00:00,2026-05-07 16:00:00,,0.0,9,2026-05-05
2026-06-24 13:25:42,2026-05-05 10:00:00,RFID-023,TMP819,Temperature,,,,5.8,False,False,,Pharma,Santo Niño,Tatalon,10,VH-023,DR-023,Delivered,2026-05-07 13:00:00,2026-05-07 13:00:00,,0.0,10,2026-05-05
2026-06-24 13:25:46,2026-05-05 10:00:00,RFID-047,TMP311,Temperature,,,,4.6,False,True,0.6,Chill/Refrigerated,Bignay,Marikina Heights,43,VH-047,DR-047,Delivered,2026-05-06 01:00:00,2026-05-06 01:00:00,,0.0,10,2026-05-05
2026-06-24 13:25:47,2026-05-05 10:00:00,RFID-014,TMP600,Temperature,,,,6.6,False,False,,Pharma,Quiapo,Zamboanga City,37,VH-014,DR-014,Delivered,2026-05-06 11:00:00,2026-05-06 11:00:00,,0.0,10,2026-05-05
2026-06-24 13:25:49,2026-05-05 11:00:00,RFID-035,TMP548,Temperature,,,,6.3,False,False,,Pharma,Poblacion,Bayanan,13,VH-035,DR-035,Delivered,2026-05-07 16:00:00,2026-05-07 16:00:00,,0.0,11,2026-05-05
2026-06-24 13:25:50,2026-05-05 11:00:00,RFID-021,TMP540,Temperature,,,,3.4,False,False,,Chill/Refrigerated,San Pedro,Pansol,30,VH-021,DR-021,Delivered,2026-05-05 20:00:00,2026-05-05 20:00:00,,0.0,11,2026-05-05
2026-06-24 13:25:55,2026-05-05 12:00:00,RFID-028,TMP709,Temperature,,,,6.6,False,False,,Pharma,Malabon,Paco,46,VH-028,DR-028,Delivered,2026-05-06 13:00:00,2026-05-06 13:00:00,,0.0,12,2026-05-05
2026-06-24 13:26:05,2026-05-05 12:00:00,RFID-014,TMP602,Temperature,,,,5.9,False,False,,Pharma,Quiapo,Zamboanga City,37,VH-014,DR-014,Delivered,2026-05-06 11:00:00,2026-05-06 11:00:00,,0.0,12,2026-05-05
2026-06-24 13:26:06,2026-05-05 12:00:00,RFID-047,TMP645,Temperature,,,,3.1,False,False,,Chill/Refrigerated,Bignay,Marikina Heights,43,VH-047,DR-047,Delivered,2026-05-06 01:00:00,2026-05-06 01:00:00,,0.0,12,2026-05-05
2026-06-24 13:26:11,2026-05-05 13:00:00,RFID-035,TMP170,Temperature,,,,7.0,False,False,,Pharma,Poblacion,Bayanan,13,VH-035,DR-035,Delivered,2026-05-07 16:00:00,2026-05-07 16:00:00,,0.0,13,2026-05-05
2026-06-24 13:26:11,2026-05-05 13:00:00,RFID-021,TMP209,Temperature,,,,3.8,False,False,,Chill/Refrigerated,San Pedro,Pansol,30,VH-021,DR-021,Delivered,2026-05-05 20:00:00,2026-05-05 20:00:00,,0.0,13,2026-05-05
2026-06-24 13:26:16,2026-05-05 14:00:00,RFID-028,TMP130,Temperature,,,,6.6,False,False,,Pharma,Malabon,Paco,46,VH-028,DR-028,Delivered,2026-05-06 13:00:00,2026-05-06 13:00:00,,0.0,14,2026-05-05
2026-06-24 13:26:20,2026-05-05 15:00:00,RFID-036,TMP410,Temperature,,,,12.3,False,False,,Cool-Chain,Las Piñas City,San Isidro,30,VH-036,DR-036,Delivered,2026-05-06 11:00:00,2026-05-06 11:00:00,,0.0,15,2026-05-05
2026-06-24 13:26:23,2026-05-05 15:00:00,RFID-021,TMP346,Temperature,,,,3.0,False,False,,Chill/Refrigerated,San Pedro,Pansol,30,VH-021,DR-021,Delivered,2026-05-05 20:00:00,2026-05-05 20:00:00,,0.0,15,2026-05-05
2026-06-24 13:26:24,2026-05-05 15:00:00,RFID-035,TMP518,Temperature,,,,6.8,False,False,,Pharma,Poblacion,Bayanan,13,VH-035,DR-035,Delivered,2026-05-07 16:00:00,2026-05-07 16:00:00,,0.0,15,2026-05-05
2026-06-24 13:26:34,2026-05-05 16:00:00,RFID-048,TMP431,Temperature,,,,-17.8,False,False,,Frozen,Don Bosco,Santa Ana,1,VH-048,DR-048,Delivered,2026-05-07 00:00:00,2026-05-07 00:00:00,,0.0,16,2026-05-05
2026-06-24 13:26:35,2026-05-05 16:00:00,RFID-028,TMP561,Temperature,,,,6.7,False,False,,Pharma,Malabon,Paco,46,VH-028,DR-028,Delivered,2026-05-06 13:00:00,2026-05-06 13:00:00,,0.0,16,2026-05-05
2026-06-24 13:26:37,2026-05-05 17:00:00,RFID-036,TMP832,Temperature,,,,13.3,False,False,,Cool-Chain,Las Piñas City,San Isidro,30,VH-036,DR-036,Delivered,2026-05-06 11:00:00,2026-05-06 11:00:00,,0.0,17,2026-05-05
2026-06-24 13:26:46,2026-05-05 18:00:00,RFID-048,TMP686,Temperature,,,,-18.8,False,False,,Frozen,Don Bosco,Santa Ana,1,VH-048,DR-048,Delivered,2026-05-07 00:00:00,2026-05-07 00:00:00,,0.0,18,2026-05-05
2026-06-24 13:26:49,2026-05-05 18:00:00,RFID-028,TMP484,Temperature,,,,4.1,False,False,,Pharma,Malabon,Paco,46,VH-028,DR-028,Delivered,2026-05-06 13:00:00,2026-05-06 13:00:00,,0.0,18,2026-05-05
2026-06-24 13:26:50,2026-05-05 19:00:00,RFID-036,TMP559,Temperature,,,,12.8,False,False,,Cool-Chain,Las Piñas City,San Isidro,30,VH-036,DR-036,Delivered,2026-05-06 11:00:00,2026-05-06 11:00:00,,0.0,19,2026-05-05
2026-06-24 13:26:55,2026-05-05 20:00:00,RFID-028,TMP776,Temperature,,,,6.1,False,False,,Pharma,Malabon,Paco,46,VH-028,DR-028,Delivered,2026-05-06 13:00:00,2026-05-06 13:00:00,,0.0,20,2026-05-05
2026-06-24 13:26:58,2026-05-05 20:00:00,RFID-025,TMP544,Temperature,,,,9.5,False,True,1.5,Pharma,Sucat,General Mariano Alvarez,4,VH-025,DR-025,Delayed,2026-05-06 09:00:00,2026-05-06 16:00:00,RFID flag,7.0,20,2026-05-05
2026-06-24 13:27:02,2026-05-05 20:00:00,RFID-048,TMP795,Temperature,,,,-16.6,False,False,,Frozen,Don Bosco,Santa Ana,1,VH-048,DR-048,Delivered,2026-05-07 00:00:00,2026-05-07 00:00:00,,0.0,20,2026-05-05
2026-06-24 13:27:04,2026-05-05 21:00:00,RFID-036,TMP510,Temperature,,,,13.0,False,False,,Cool-Chain,Las Piñas City,San Isidro,30,VH-036,DR-036,Delivered,2026-05-06 11:00:00,2026-05-06 11:00:00,,0.0,21,2026-05-05
2026-06-24 13:27:09,2026-05-05 21:00:00,RFID-018,TMP460,Temperature,,,,-17.1,False,False,,Frozen,Valenzuela,Banco Filipino International Village,10,VH-018,DR-018,Delivered,2026-05-06 14:00:00,2026-05-06 14:00:00,,0.0,21,2026-05-05
2026-06-24 13:27:12,2026-05-05 22:00:00,RFID-028,TMP402,Temperature,,,,6.6,False,False,,Pharma,Malabon,Paco,46,VH-028,DR-028,Delivered,2026-05-06 13:00:00,2026-05-06 13:00:00,,0.0,22,2026-05-05
2026-06-24 13:27:14,2026-05-05 22:00:00,RFID-025,TMP978,Temperature,,,,4.0,False,False,,Pharma,Sucat,General Mariano Alvarez,4,VH-025,DR-025,Delayed,2026-05-06 09:00:00,2026-05-06 16:00:00,RFID flag,7.0,22,2026-05-05
2026-06-24 13:27:15,2026-05-05 22:00:00,RFID-048,TMP868,Temperature,,,,-19.5,False,False,,Frozen,Don Bosco,Santa Ana,1,VH-048,DR-048,Delivered,2026-05-07 00:00:00,2026-05-07 00:00:00,,0.0,22,2026-05-05
2026-06-24 13:27:22,2026-05-05 23:00:00,RFID-018,TMP600,Temperature,,,,-13.8,False,True,2.2,Frozen,Valenzuela,Banco Filipino International Village,10,VH-018,DR-018,Delivered,2026-05-06 14:00:00,2026-05-06 14:00:00,,0.0,23,2026-05-05
2026-06-24 13:27:23,2026-05-05 23:00:00,RFID-036,TMP990,Temperature,,,,13.8,False,False,,Cool-Chain,Las Piñas City,San Isidro,30,VH-036,DR-036,Delivered,2026-05-06 11:00:00,2026-05-06 11:00:00,,0.0,23,2026-05-05
2026-06-24 13:27:25,2026-05-06 00:00:00,RFID-025,TMP143,Temperature,,,,7.4,False,False,,Pharma,Sucat,General Mariano Alvarez,4,VH-025,DR-025,Delayed,2026-05-06 09:00:00,2026-05-06 16:00:00,RFID flag,7.0,0,2026-05-06
2026-06-24 13:27:26,2026-05-06 00:00:00,RFID-028,TMP184,Temperature,,,,6.3,False,False,,Pharma,Malabon,Paco,46,VH-028,DR-028,Delivered,2026-05-06 13:00:00,2026-05-06 13:00:00,,0.0,0,2026-05-06
2026-06-24 13:27:28,2026-05-06 00:00:00,RFID-048,TMP383,Temperature,,,,-16.3,False,False,,Frozen,Don Bosco,Santa Ana,1,VH-048,DR-048,Delivered,2026-05-07 00:00:00,2026-05-07 00:00:00,,0.0,0,2026-05-06
2026-06-24 13:27:34,2026-05-06 01:00:00,RFID-018,TMP757,Temperature,,,,-13.3,False,True,2.7,Frozen,Valenzuela,Banco Filipino International Village,10,VH-018,DR-018,Delivered,2026-05-06 14:00:00,2026-05-06 14:00:00,,0.0,1,2026-05-06
2026-06-24 13:27:35,2026-05-06 01:00:00,RFID-036,TMP909,Temperature,,,,13.1,False,False,,Cool-Chain,Las Piñas City,San Isidro,30,VH-036,DR-036,Delivered,2026-05-06 11:00:00,2026-05-06 11:00:00,,0.0,1,2026-05-06
2026-06-24 13:27:39,2026-05-06 02:00:00,RFID-048,TMP986,Temperature,,,,-19.5,False,False,,Frozen,Don Bosco,Santa Ana,1,VH-048,DR-048,Delivered,2026-05-07 00:00:00,2026-05-07 00:00:00,,0.0,2,2026-05-06
2026-06-24 13:27:41,2026-05-06 02:00:00,RFID-025,TMP808,Temperature,,,,7.4,False,False,,Pharma,Sucat,General Mariano Alvarez,4,VH-025,DR-025,Delayed,2026-05-06 09:00:00,2026-05-06 16:00:00,RFID flag,7.0,2,2026-05-06
2026-06-24 13:27:45,2026-05-06 02:00:00,RFID-028,TMP902,Temperature,,,,4.3,False,False,,Pharma,Malabon,Paco,46,VH-028,DR-028,Delivered,2026-05-06 13:00:00,2026-05-06 13:00:00,,0.0,2,2026-05-06
2026-06-24 13:27:46,2026-05-06 03:00:00,RFID-038,TMP780,Temperature,,,,4.7,False,True,0.7,Chill/Refrigerated,Davao,Bignay,27,VH-038,DR-038,Delayed,2026-05-08 20:00:00,2026-05-08 23:00:00,Weather,3.0,3,2026-05-06
2026-06-24 13:27:50,2026-05-06 03:00:00,RFID-018,TMP959,Temperature,,,,-17.9,False,False,,Frozen,Valenzuela,Banco Filipino International Village,10,VH-018,DR-018,Delivered,2026-05-06 14:00:00,2026-05-06 14:00:00,,0.0,3,2026-05-06
2026-06-24 13:27:51,2026-05-06 03:00:00,RFID-004,TMP995,Temperature,,,,16.9,False,True,2.9,Cool-Chain,Central Signal Village,Don Bosco,1,VH-004,DR-004,Delivered,2026-05-07 17:00:00,2026-05-07 17:00:00,,0.0,3,2026-05-06
2026-06-24 13:27:53,2026-05-06 03:00:00,RFID-036,TMP931,Temperature,,,,13.4,False,False,,Cool-Chain,Las Piñas City,San Isidro,30,VH-036,DR-036,Delivered,2026-05-06 11:00:00,2026-05-06 11:00:00,,0.0,3,2026-05-06
2026-06-24 13:27:53,2026-05-06 03:00:00,RFID-002,TMP174,Temperature,,,,-27.3,False,True,0.7,Deep Freeze,Bayanan,Taguig City,2,VH-002,DR-002,Delivered,2026-05-06 20:00:00,2026-05-06 20:00:00,,0.0,3,2026-05-06
2026-06-24 13:27:59,2026-05-06 04:00:00,RFID-048,TMP429,Temperature,,,,-15.6,False,True,0.4,Frozen,Don Bosco,Santa Ana,1,VH-048,DR-048,Delivered,2026-05-07 00:00:00,2026-05-07 00:00:00,,0.0,4,2026-05-06
2026-06-24 13:28:00,2026-05-06 04:00:00,RFID-025,TMP147,Temperature,,,,4.9,False,False,,Pharma,Sucat,General Mariano Alvarez,4,VH-025,DR-025,Delayed,2026-05-06 09:00:00,2026-05-06 16:00:00,RFID flag,7.0,4,2026-05-06
2026-06-24 13:28:02,2026-05-06 05:00:00,RFID-018,TMP784,Temperature,,,,-16.2,False,False,,Frozen,Valenzuela,Banco Filipino International Village,10,VH-018,DR-018,Delivered,2026-05-06 14:00:00,2026-05-06 14:00:00,,0.0,5,2026-05-06
2026-06-24 13:28:03,2026-05-06 05:00:00,RFID-041,TMP763,Temperature,,,,6.5,False,True,2.5,Chill/Refrigerated,Rosario,Central Signal Village,13,VH-041,DR-041,Delivered,2026-05-08 11:00:00,2026-05-08 11:00:00,,0.0,5,2026-05-06
2026-06-24 13:28:06,2026-05-06 05:00:00,RFID-038,TMP145,Temperature,,,,3.3,False,False,,Chill/Refrigerated,Davao,Bignay,27,VH-038,DR-038,Delayed,2026-05-08 20:00:00,2026-05-08 23:00:00,Weather,3.0,5,2026-05-06
2026-06-24 13:28:08,2026-05-06 05:00:00,RFID-004,TMP456,Temperature,,,,13.3,False,False,,Cool-Chain,Central Signal Village,Don Bosco,1,VH-004,DR-004,Delivered,2026-05-07 17:00:00,2026-05-07 17:00:00,,0.0,5,2026-05-06
2026-06-24 13:28:09,2026-05-06 05:00:00,RFID-036,TMP187,Temperature,,,,13.3,False,False,,Cool-Chain,Las Piñas City,San Isidro,30,VH-036,DR-036,Delivered,2026-05-06 11:00:00,2026-05-06 11:00:00,,0.0,5,2026-05-06
2026-06-24 13:28:10,2026-05-06 05:00:00,RFID-013,TMP590,Temperature,,,,-25.0,False,True,3.0,Deep Freeze,San Pedro,Don Bosco,15,VH-013,DR-013,Delivered,2026-05-07 07:00:00,2026-05-07 07:00:00,,0.0,5,2026-05-06
2026-06-24 13:28:12,2026-05-06 05:00:00,RFID-002,TMP165,Temperature,,,,-27.0,False,True,1.0,Deep Freeze,Bayanan,Taguig City,2,VH-002,DR-002,Delivered,2026-05-06 20:00:00,2026-05-06 20:00:00,,0.0,5,2026-05-06
2026-06-24 13:28:14,2026-05-06 06:00:00,RFID-048,TMP792,Temperature,,,,-17.0,False,False,,Frozen,Don Bosco,Santa Ana,1,VH-048,DR-048,Delivered,2026-05-07 00:00:00,2026-05-07 00:00:00,,0.0,6,2026-05-06
2026-06-24 13:28:14,2026-05-06 06:00:00,RFID-025,TMP387,Temperature,,,,6.1,False,False,,Pharma,Sucat,General Mariano Alvarez,4,VH-025,DR-025,Delayed,2026-05-06 09:00:00,2026-05-06 16:00:00,RFID flag,7.0,6,2026-05-06
2026-06-24 13:28:16,2026-05-06 06:00:00,RFID-049,TMP747,Temperature,,,,12.3,False,False,,Cool-Chain,Putatan,Tatalon,9,VH-049,DR-049,Delayed,2026-05-07 00:00:00,2026-05-07 05:00:00,Traffic,5.0,6,2026-05-06
2026-06-24 13:28:19,2026-05-06 06:00:00,RFID-046,TMP272,Temperature,,,,13.1,False,False,,Cool-Chain,Bignay,Pateros,14,VH-046,DR-046,Delivered,2026-05-08 03:00:00,2026-05-08 03:00:00,,0.0,6,2026-05-06
2026-06-24 13:28:24,2026-05-06 07:00:00,RFID-018,TMP240,Temperature,,,,-16.0,False,False,,Frozen,Valenzuela,Banco Filipino International Village,10,VH-018,DR-018,Delivered,2026-05-06 14:00:00,2026-05-06 14:00:00,,0.0,7,2026-05-06
2026-06-24 13:28:26,2026-05-06 07:00:00,RFID-002,TMP170,Temperature,,,,-29.9,False,False,,Deep Freeze,Bayanan,Taguig City,2,VH-002,DR-002,Delivered,2026-05-06 20:00:00,2026-05-06 20:00:00,,0.0,7,2026-05-06
2026-06-24 13:28:29,2026-05-06 07:00:00,RFID-013,TMP820,Temperature,,,,-28.6,False,False,,Deep Freeze,San Pedro,Don Bosco,15,VH-013,DR-013,Delivered,2026-05-07 07:00:00,2026-05-07 07:00:00,,0.0,7,2026-05-06
2026-06-24 13:28:30,2026-05-06 07:00:00,RFID-041,TMP858,Temperature,,,,6.4,False,True,2.4,Chill/Refrigerated,Rosario,Central Signal Village,13,VH-041,DR-041,Delivered,2026-05-08 11:00:00,2026-05-08 11:00:00,,0.0,7,2026-05-06
2026-06-24 13:28:33,2026-05-06 07:00:00,RFID-038,TMP762,Temperature,,,,3.3,False,False,,Chill/Refrigerated,Davao,Bignay,27,VH-038,DR-038,Delayed,2026-05-08 20:00:00,2026-05-08 23:00:00,Weather,3.0,7,2026-05-06
2026-06-24 13:28:34,2026-05-06 07:00:00,RFID-004,TMP502,Temperature,,,,17.0,False,True,3.0,Cool-Chain,Central Signal Village,Don Bosco,1,VH-004,DR-004,Delivered,2026-05-07 17:00:00,2026-05-07 17:00:00,,0.0,7,2026-05-06
2026-06-24 13:28:37,2026-05-06 08:00:00,RFID-049,TMP562,Temperature,,,,12.8,False,False,,Cool-Chain,Putatan,Tatalon,9,VH-049,DR-049,Delayed,2026-05-07 00:00:00,2026-05-07 05:00:00,Traffic,5.0,8,2026-05-06
2026-06-24 13:28:41,2026-05-06 08:00:00,RFID-025,TMP133,Temperature,,,,5.4,False,False,,Pharma,Sucat,General Mariano Alvarez,4,VH-025,DR-025,Delayed,2026-05-06 09:00:00,2026-05-06 16:00:00,RFID flag,7.0,8,2026-05-06
2026-06-24 13:28:43,2026-05-06 08:00:00,RFID-046,TMP891,Temperature,,,,13.1,False,False,,Cool-Chain,Bignay,Pateros,14,VH-046,DR-046,Delivered,2026-05-08 03:00:00,2026-05-08 03:00:00,,0.0,8,2026-05-06
2026-06-24 13:28:45,2026-05-06 09:00:00,RFID-041,TMP263,Temperature,,,,2.3,False,False,,Chill/Refrigerated,Rosario,Central Signal Village,13,VH-041,DR-041,Delivered,2026-05-08 11:00:00,2026-05-08 11:00:00,,0.0,9,2026-05-06
2026-06-24 13:28:47,2026-05-06 09:00:00,RFID-038,TMP915,Temperature,,,,3.5,False,False,,Chill/Refrigerated,Davao,Bignay,27,VH-038,DR-038,Delayed,2026-05-08 20:00:00,2026-05-08 23:00:00,Weather,3.0,9,2026-05-06
2026-06-24 13:28:48,2026-05-06 09:00:00,RFID-004,TMP328,Temperature,,,,13.5,False,False,,Cool-Chain,Central Signal Village,Don Bosco,1,VH-004,DR-004,Delivered,2026-05-07 17:00:00,2026-05-07 17:00:00,,0.0,9,2026-05-06
2026-06-24 13:28:54,2026-05-06 09:00:00,RFID-002,TMP393,Temperature,,,,-29.1,False,False,,Deep Freeze,Bayanan,Taguig City,2,VH-002,DR-002,Delivered,2026-05-06 20:00:00,2026-05-06 20:00:00,,0.0,9,2026-05-06
2026-06-24 13:28:54,2026-05-06 09:00:00,RFID-013,TMP665,Temperature,,,,-28.2,False,False,,Deep Freeze,San Pedro,Don Bosco,15,VH-013,DR-013,Delivered,2026-05-07 07:00:00,2026-05-07 07:00:00,,0.0,9,2026-05-06
2026-06-24 13:28:56,2026-05-06 09:00:00,RFID-018,TMP824,Temperature,,,,-19.1,False,False,,Frozen,Valenzuela,Banco Filipino International Village,10,VH-018,DR-018,Delivered,2026-05-06 14:00:00,2026-05-06 14:00:00,,0.0,9,2026-05-06
2026-06-24 13:28:58,2026-05-06 10:00:00,RFID-025,TMP116,Temperature,,,,10.6,False,True,2.6,Pharma,Sucat,General Mariano Alvarez,4,VH-025,DR-025,Delayed,2026-05-06 09:00:00,2026-05-06 16:00:00,RFID flag,7.0,10,2026-05-06
2026-06-24 13:29:00,2026-05-06 10:00:00,RFID-049,TMP887,Temperature,,,,16.4,False,True,2.4,Cool-Chain,Putatan,Tatalon,9,VH-049,DR-049,Delayed,2026-05-07 00:00:00,2026-05-07 05:00:00,Traffic,5.0,10,2026-05-06
2026-06-24 13:29:01,2026-05-06 10:00:00,RFID-046,TMP215,Temperature,,,,13.1,False,False,,Cool-Chain,Bignay,Pateros,14,VH-046,DR-046,Delivered,2026-05-08 03:00:00,2026-05-08 03:00:00,,0.0,10,2026-05-06
2026-06-24 13:29:04,2026-05-06 11:00:00,RFID-041,TMP573,Temperature,,,,2.9,False,False,,Chill/Refrigerated,Rosario,Central Signal Village,13,VH-041,DR-041,Delivered,2026-05-08 11:00:00,2026-05-08 11:00:00,,0.0,11,2026-05-06
2026-06-24 13:29:04,2026-05-06 11:00:00,RFID-038,TMP364,Temperature,,,,2.0,False,False,,Chill/Refrigerated,Davao,Bignay,27,VH-038,DR-038,Delayed,2026-05-08 20:00:00,2026-05-08 23:00:00,Weather,3.0,11,2026-05-06
2026-06-24 13:29:06,2026-05-06 11:00:00,RFID-013,TMP577,Temperature,,,,-29.4,False,False,,Deep Freeze,San Pedro,Don Bosco,15,VH-013,DR-013,Delivered,2026-05-07 07:00:00,2026-05-07 07:00:00,,0.0,11,2026-05-06
2026-06-24 13:29:08,2026-05-06 11:00:00,RFID-018,TMP566,Temperature,,,,-15.3,False,True,0.7,Frozen,Valenzuela,Banco Filipino International Village,10,VH-018,DR-018,Delivered,2026-05-06 14:00:00,2026-05-06 14:00:00,,0.0,11,2026-05-06
2026-06-24 13:29:10,2026-05-06 11:00:00,RFID-002,TMP884,Temperature,,,,-28.5,False,False,,Deep Freeze,Bayanan,Taguig City,2,VH-002,DR-002,Delivered,2026-05-06 20:00:00,2026-05-06 20:00:00,,0.0,11,2026-05-06
2026-06-24 13:29:11,2026-05-06 11:00:00,RFID-004,TMP405,Temperature,,,,13.5,False,False,,Cool-Chain,Central Signal Village,Don Bosco,1,VH-004,DR-004,Delivered,2026-05-07 17:00:00,2026-05-07 17:00:00,,0.0,11,2026-05-06
2026-06-24 13:29:13,2026-05-06 12:00:00,RFID-049,TMP384,Temperature,,,,15.5,False,True,1.5,Cool-Chain,Putatan,Tatalon,9,VH-049,DR-049,Delayed,2026-05-07 00:00:00,2026-05-07 05:00:00,Traffic,5.0,12,2026-05-06
2026-06-24 13:29:16,2026-05-06 12:00:00,RFID-046,TMP656,Temperature,,,,12.5,False,False,,Cool-Chain,Bignay,Pateros,14,VH-046,DR-046,Delivered,2026-05-08 03:00:00,2026-05-08 03:00:00,,0.0,12,2026-05-06
2026-06-24 13:29:21,2026-05-06 13:00:00,RFID-041,TMP288,Temperature,,,,2.8,False,False,,Chill/Refrigerated,Rosario,Central Signal Village,13,VH-041,DR-041,Delivered,2026-05-08 11:00:00,2026-05-08 11:00:00,,0.0,13,2026-05-06
2026-06-24 13:29:22,2026-05-06 13:00:00,RFID-013,TMP367,Temperature,,,,-29.3,False,False,,Deep Freeze,San Pedro,Don Bosco,15,VH-013,DR-013,Delivered,2026-05-07 07:00:00,2026-05-07 07:00:00,,0.0,13,2026-05-06
2026-06-24 13:29:23,2026-05-06 13:00:00,RFID-004,TMP534,Temperature,,,,13.4,False,False,,Cool-Chain,Central Signal Village,Don Bosco,1,VH-004,DR-004,Delivered,2026-05-07 17:00:00,2026-05-07 17:00:00,,0.0,13,2026-05-06
2026-06-24 13:29:24,2026-05-06 13:00:00,RFID-038,TMP671,Temperature,,,,3.5,False,False,,Chill/Refrigerated,Davao,Bignay,27,VH-038,DR-038,Delayed,2026-05-08 20:00:00,2026-05-08 23:00:00,Weather,3.0,13,2026-05-06
2026-06-24 13:29:25,2026-05-06 13:00:00,RFID-002,TMP530,Temperature,,,,-28.5,False,False,,Deep Freeze,Bayanan,Taguig City,2,VH-002,DR-002,Delivered,2026-05-06 20:00:00,2026-05-06 20:00:00,,0.0,13,2026-05-06
2026-06-24 13:29:26,2026-05-06 14:00:00,RFID-049,TMP565,Temperature,,,,13.8,False,False,,Cool-Chain,Putatan,Tatalon,9,VH-049,DR-049,Delayed,2026-05-07 00:00:00,2026-05-07 05:00:00,Traffic,5.0,14,2026-05-06
2026-06-24 13:29:27,2026-05-06 14:00:00,RFID-046,TMP942,Temperature,,,,12.7,False,False,,Cool-Chain,Bignay,Pateros,14,VH-046,DR-046,Delivered,2026-05-08 03:00:00,2026-05-08 03:00:00,,0.0,14,2026-05-06
2026-06-24 13:29:33,2026-05-06 11:00:00,RFID-013,TMP577,Temperature,,,,-28.2,False,False,,Deep Freeze,San Pedro,Don Bosco,15,VH-013,DR-013,Delivered,2026-05-07 07:00:00,2026-05-07 07:00:00,,0.0,11,2026-05-06
2026-06-24 13:29:34,2026-05-06 15:00:00,RFID-004,TMP353,Temperature,,,,13.6,False,False,,Cool-Chain,Central Signal Village,Don Bosco,1,VH-004,DR-004,Delivered,2026-05-07 17:00:00,2026-05-07 17:00:00,,0.0,15,2026-05-06
2026-06-24 13:29:34,2026-05-06 15:00:00,RFID-038,TMP556,Temperature,,,,3.2,False,False,,Chill/Refrigerated,Davao,Bignay,27,VH-038,DR-038,Delayed,2026-05-08 20:00:00,2026-05-08 23:00:00,Weather,3.0,15,2026-05-06
2026-06-24 13:29:37,2026-05-06 15:00:00,RFID-002,TMP559,Temperature,,,,-28.2,False,False,,Deep Freeze,Bayanan,Taguig City,2,VH-002,DR-002,Delivered,2026-05-06 20:00:00,2026-05-06 20:00:00,,0.0,15,2026-05-06
2026-06-24 13:29:37,2026-05-06 15:00:00,RFID-041,TMP505,Temperature,,,,6.0,False,True,2.0,Chill/Refrigerated,Rosario,Central Signal Village,13,VH-041,DR-041,Delivered,2026-05-08 11:00:00,2026-05-08 11:00:00,,0.0,15,2026-05-06
2026-06-24 13:29:44,2026-05-06 16:00:00,RFID-049,TMP102,Temperature,,,,12.7,False,False,,Cool-Chain,Putatan,Tatalon,9,VH-049,DR-049,Delayed,2026-05-07 00:00:00,2026-05-07 05:00:00,Traffic,5.0,16,2026-05-06
2026-06-24 13:29:47,2026-05-06 16:00:00,RFID-046,TMP551,Temperature,,,,13.5,False,False,,Cool-Chain,Bignay,Pateros,14,VH-046,DR-046,Delivered,2026-05-08 03:00:00,2026-05-08 03:00:00,,0.0,16,2026-05-06
2026-06-24 13:29:49,2026-05-06 17:00:00,RFID-013,TMP580,Temperature,,,,-25.1,False,True,2.9,Deep Freeze,San Pedro,Don Bosco,15,VH-013,DR-013,Delivered,2026-05-07 07:00:00,2026-05-07 07:00:00,,0.0,17,2026-05-06
2026-06-24 13:29:51,2026-05-06 17:00:00,RFID-004,TMP293,Temperature,,,,12.3,False,False,,Cool-Chain,Central Signal Village,Don Bosco,1,VH-004,DR-004,Delivered,2026-05-07 17:00:00,2026-05-07 17:00:00,,0.0,17,2026-05-06
2026-06-24 13:29:52,2026-05-06 17:00:00,RFID-002,TMP484,Temperature,,,,-28.2,False,False,,Deep Freeze,Bayanan,Taguig City,2,VH-002,DR-002,Delivered,2026-05-06 20:00:00,2026-05-06 20:00:00,,0.0,17,2026-05-06
2026-06-24 13:29:54,2026-05-06 17:00:00,RFID-038,TMP795,Temperature,,,,2.9,False,False,,Chill/Refrigerated,Davao,Bignay,27,VH-038,DR-038,Delayed,2026-05-08 20:00:00,2026-05-08 23:00:00,Weather,3.0,17,2026-05-06
2026-06-24 13:29:55,2026-05-06 17:00:00,RFID-041,TMP302,Temperature,,,,5.8,False,True,1.8,Chill/Refrigerated,Rosario,Central Signal Village,13,VH-041,DR-041,Delivered,2026-05-08 11:00:00,2026-05-08 11:00:00,,0.0,17,2026-05-06
2026-06-24 13:29:55,2026-05-06 18:00:00,RFID-046,TMP204,Temperature,,,,14.0,False,False,,Cool-Chain,Bignay,Pateros,14,VH-046,DR-046,Delivered,2026-05-08 03:00:00,2026-05-08 03:00:00,,0.0,18,2026-05-06
2026-06-24 13:29:58,2026-05-06 18:00:00,RFID-049,TMP195,Temperature,,,,13.7,False,False,,Cool-Chain,Putatan,Tatalon,9,VH-049,DR-049,Delayed,2026-05-07 00:00:00,2026-05-07 05:00:00,Traffic,5.0,18,2026-05-06
2026-06-24 13:29:59,2026-05-06 19:00:00,RFID-041,TMP104,Temperature,,,,2.9,False,False,,Chill/Refrigerated,Rosario,Central Signal Village,13,VH-041,DR-041,Delivered,2026-05-08 11:00:00,2026-05-08 11:00:00,,0.0,19,2026-05-06
2026-06-24 13:30:01,2026-05-06 19:00:00,RFID-013,TMP308,Temperature,,,,-29.4,False,False,,Deep Freeze,San Pedro,Don Bosco,15,VH-013,DR-013,Delivered,2026-05-07 07:00:00,2026-05-07 07:00:00,,0.0,19,2026-05-06
2026-06-24 13:30:03,2026-05-06 20:00:00,RFID-046,TMP353,Temperature,,,,13.3,False,False,,Cool-Chain,Bignay,Pateros,14,VH-046,DR-046,Delivered,2026-05-08 03:00:00,2026-05-08 03:00:00,,0.0,20,2026-05-06
2026-06-24 13:30:05,2026-05-06 20:00:00,RFID-049,TMP780,Temperature,,,,12.9,False,False,,Cool-Chain,Putatan,Tatalon,9,VH-049,DR-049,Delayed,2026-05-07 00:00:00,2026-05-07 05:00:00,Traffic,5.0,20,2026-05-06
2026-06-24 13:19:45,2026-05-03 08:00:00,RFID-020,RFD479,RFID,,,VERIFIED,,False,,,Industrial,Malabon,San Antonio,49,VH-020,DR-020,Delivered,2026-05-05 14:00:00,2026-05-05 14:00:00,,0.0,8,2026-05-03
2026-06-24 13:19:52,2026-05-03 11:00:00,RFID-001,RFD771,RFID,,,VERIFIED,,False,,,Pharma,Tatalon,Pasig City,9,VH-001,DR-001,Delivered,2026-05-05 20:00:00,2026-05-05 20:00:00,,0.0,11,2026-05-03
2026-06-24 13:20:00,2026-05-03 13:00:00,RFID-020,RFD178,RFID,,,VERIFIED,,False,,,Industrial,Malabon,San Antonio,49,VH-020,DR-020,Delivered,2026-05-05 14:00:00,2026-05-05 14:00:00,,0.0,13,2026-05-03
2026-06-24 13:20:02,2026-05-03 14:00:00,RFID-009,RFD955,RFID,,,VERIFIED,,False,,,Cool-Chain,Las Piñas City,Marikina Heights,6,VH-009,DR-009,Delivered,2026-05-04 04:00:00,2026-05-04 04:00:00,,0.0,14,2026-05-03
2026-06-24 13:20:05,2026-05-03 14:00:00,RFID-034,RFD447,RFID,,,VERIFIED,,False,,,Frozen,Santamesa,Malate,4,VH-034,DR-034,Delivered,2026-05-05 19:00:00,2026-05-05 19:00:00,,0.0,14,2026-05-03
2026-06-24 13:20:07,2026-05-03 14:00:00,RFID-031,RFD263,RFID,,,VERIFIED,,False,,,Frozen,Caloocan City,Marikina Heights,33,VH-031,DR-031,Delayed,2026-05-04 15:00:00,2026-05-04 17:00:00,RFID flag,2.0,14,2026-05-03
2026-06-24 13:20:09,2026-05-03 14:00:00,RFID-007,RFD327,RFID,,,FLAGGED,,True,,,Frozen,Malabon,Quiapo,25,VH-007,DR-007,Delivered,2026-05-05 21:00:00,2026-05-05 21:00:00,,0.0,14,2026-05-03
2026-06-24 13:20:10,2026-05-03 15:00:00,RFID-043,RFD304,RFID,,,VERIFIED,,False,,,Industrial,General Mariano Alvarez,Davao,11,VH-043,DR-043,Delivered,2026-05-05 13:00:00,2026-05-05 13:00:00,,0.0,15,2026-05-03
2026-06-24 13:20:19,2026-05-03 16:00:00,RFID-030,RFD233,RFID,,,VERIFIED,,False,,,Pharma,Sampaloc,Mandaluyong City,1,VH-030,DR-030,Delayed,2026-05-04 23:00:00,2026-05-05 09:00:00,Weather,10.0,16,2026-05-03
2026-06-24 13:20:20,2026-05-03 16:00:00,RFID-001,RFD825,RFID,,,FLAGGED,,True,,,Pharma,Tatalon,Pasig City,9,VH-001,DR-001,Delivered,2026-05-05 20:00:00,2026-05-05 20:00:00,,0.0,16,2026-05-03
2026-06-24 13:20:25,2026-05-03 16:00:00,RFID-020,RFD507,RFID,,,VERIFIED,,False,,,Industrial,Malabon,San Antonio,49,VH-020,DR-020,Delivered,2026-05-05 14:00:00,2026-05-05 14:00:00,,0.0,16,2026-05-03
2026-06-24 13:20:25,2026-05-03 16:00:00,RFID-026,RFD630,RFID,,,VERIFIED,,False,,,Frozen,Sampaloc,Pateros,49,VH-026,DR-026,Delivered,2026-05-04 09:00:00,2026-05-04 09:00:00,,0.0,16,2026-05-03
2026-06-24 13:20:28,2026-05-03 16:00:00,RFID-042,RFD583,RFID,,,VERIFIED,,False,,,Deep Freeze,Navotas,Pasay City,48,VH-042,DR-042,Delivered,2026-05-05 14:00:00,2026-05-05 14:00:00,,0.0,16,2026-05-03
2026-06-24 13:20:28,2026-05-03 16:00:00,RFID-037,RFD421,RFID,,,FLAGGED,,True,,,Industrial,Sampaloc,Pinyahan,7,VH-037,DR-037,Delivered,2026-05-05 07:00:00,2026-05-05 07:00:00,,0.0,16,2026-05-03
2026-06-24 13:20:34,2026-05-03 17:00:00,RFID-001,RFD485,RFID,,,VERIFIED,,False,,,Pharma,Tatalon,Pasig City,9,VH-001,DR-001,Delivered,2026-05-05 20:00:00,2026-05-05 20:00:00,,0.0,17,2026-05-03
2026-06-24 13:20:35,2026-05-03 17:00:00,RFID-042,RFD240,RFID,,,VERIFIED,,False,,,Deep Freeze,Navotas,Pasay City,48,VH-042,DR-042,Delivered,2026-05-05 14:00:00,2026-05-05 14:00:00,,0.0,17,2026-05-03
2026-06-24 13:20:39,2026-05-03 18:00:00,RFID-043,RFD761,RFID,,,VERIFIED,,False,,,Industrial,General Mariano Alvarez,Davao,11,VH-043,DR-043,Delivered,2026-05-05 13:00:00,2026-05-05 13:00:00,,0.0,18,2026-05-03
2026-06-24 13:20:41,2026-05-03 18:00:00,RFID-007,RFD127,RFID,,,VERIFIED,,False,,,Frozen,Malabon,Quiapo,25,VH-007,DR-007,Delivered,2026-05-05 21:00:00,2026-05-05 21:00:00,,0.0,18,2026-05-03
2026-06-24 13:20:43,2026-05-03 18:00:00,RFID-034,RFD303,RFID,,,VERIFIED,,False,,,Frozen,Santamesa,Malate,4,VH-034,DR-034,Delivered,2026-05-05 19:00:00,2026-05-05 19:00:00,,0.0,18,2026-05-03
2026-06-24 13:20:50,2026-05-03 19:00:00,RFID-009,RFD844,RFID,,,VERIFIED,,False,,,Cool-Chain,Las Piñas City,Marikina Heights,6,VH-009,DR-009,Delivered,2026-05-04 04:00:00,2026-05-04 04:00:00,,0.0,19,2026-05-03
2026-06-24 13:20:53,2026-05-03 19:00:00,RFID-044,RFD290,RFID,,,VERIFIED,,False,,,Pharma,Davao,Banco Filipino International Village,26,VH-044,DR-044,Delayed,2026-05-06 10:00:00,2026-05-06 21:00:00,Route change,11.0,19,2026-05-03
2026-06-24 13:20:54,2026-05-03 19:00:00,RFID-031,RFD838,RFID,,,VERIFIED,,False,,,Frozen,Caloocan City,Marikina Heights,33,VH-031,DR-031,Delayed,2026-05-04 15:00:00,2026-05-04 17:00:00,RFID flag,2.0,19,2026-05-03
2026-06-24 13:20:59,2026-05-03 20:00:00,RFID-043,RFD191,RFID,,,VERIFIED,,False,,,Industrial,General Mariano Alvarez,Davao,11,VH-043,DR-043,Delivered,2026-05-05 13:00:00,2026-05-05 13:00:00,,0.0,20,2026-05-03
2026-06-24 13:21:00,2026-05-03 20:00:00,RFID-030,RFD208,RFID,,,VERIFIED,,False,,,Pharma,Sampaloc,Mandaluyong City,1,VH-030,DR-030,Delayed,2026-05-04 23:00:00,2026-05-05 09:00:00,Weather,10.0,20,2026-05-03
2026-06-24 13:21:04,2026-05-03 20:00:00,RFID-010,RFD344,RFID,,,FLAGGED,,True,,,Dry Goods,Bagong Pag-Asa,Mandaluyong City,11,VH-010,DR-010,Delivered,2026-05-05 06:00:00,2026-05-05 06:00:00,,0.0,20,2026-05-03
2026-06-24 13:21:12,2026-05-03 21:00:00,RFID-026,RFD265,RFID,,,VERIFIED,,False,,,Frozen,Sampaloc,Pateros,49,VH-026,DR-026,Delivered,2026-05-04 09:00:00,2026-05-04 09:00:00,,0.0,21,2026-05-03
2026-06-24 13:21:14,2026-05-03 21:00:00,RFID-042,RFD261,RFID,,,VERIFIED,,False,,,Deep Freeze,Navotas,Pasay City,48,VH-042,DR-042,Delivered,2026-05-05 14:00:00,2026-05-05 14:00:00,,0.0,21,2026-05-03
2026-06-24 13:21:18,2026-05-03 22:00:00,RFID-037,RFD807,RFID,,,FLAGGED,,True,,,Industrial,Sampaloc,Pinyahan,7,VH-037,DR-037,Delivered,2026-05-05 07:00:00,2026-05-05 07:00:00,,0.0,22,2026-05-03
2026-06-24 13:21:22,2026-05-03 22:00:00,RFID-044,RFD109,RFID,,,VERIFIED,,False,,,Pharma,Davao,Banco Filipino International Village,26,VH-044,DR-044,Delayed,2026-05-06 10:00:00,2026-05-06 21:00:00,Route change,11.0,22,2026-05-03
2026-06-24 13:21:29,2026-05-03 22:00:00,RFID-007,RFD614,RFID,,,FLAGGED,,True,,,Frozen,Malabon,Quiapo,25,VH-007,DR-007,Delivered,2026-05-05 21:00:00,2026-05-05 21:00:00,,0.0,22,2026-05-03
2026-06-24 13:21:32,2026-05-03 14:00:00,RFID-031,RFD263,RFID,,,FLAGGED,,True,,,Frozen,Caloocan City,Marikina Heights,33,VH-031,DR-031,Delayed,2026-05-04 15:00:00,2026-05-04 17:00:00,RFID flag,2.0,14,2026-05-03
2026-06-24 13:21:36,2026-05-03 23:00:00,RFID-034,RFD146,RFID,,,VERIFIED,,False,,,Frozen,Santamesa,Malate,4,VH-034,DR-034,Delivered,2026-05-05 19:00:00,2026-05-05 19:00:00,,0.0,23,2026-05-03
2026-06-24 13:21:37,2026-05-03 23:00:00,RFID-001,RFD786,RFID,,,VERIFIED,,False,,,Pharma,Tatalon,Pasig City,9,VH-001,DR-001,Delivered,2026-05-05 20:00:00,2026-05-05 20:00:00,,0.0,23,2026-05-03
2026-06-24 13:21:38,2026-05-03 23:00:00,RFID-027,RFD729,RFID,,,VERIFIED,,False,,,Industrial,Paco,Pansol,11,VH-027,DR-027,Delivered,2026-05-04 18:00:00,2026-05-04 18:00:00,,0.0,23,2026-05-03
2026-06-24 13:21:42,2026-05-04 00:00:00,RFID-030,RFD225,RFID,,,FLAGGED,,True,,,Pharma,Sampaloc,Mandaluyong City,1,VH-030,DR-030,Delayed,2026-05-04 23:00:00,2026-05-05 09:00:00,Weather,10.0,0,2026-05-04
2026-06-24 13:21:48,2026-05-04 00:00:00,RFID-034,RFD441,RFID,,,FLAGGED,,True,,,Frozen,Santamesa,Malate,4,VH-034,DR-034,Delivered,2026-05-05 19:00:00,2026-05-05 19:00:00,,0.0,0,2026-05-04
2026-06-24 13:21:49,2026-05-04 00:00:00,RFID-037,RFD893,RFID,,,VERIFIED,,False,,,Industrial,Sampaloc,Pinyahan,7,VH-037,DR-037,Delivered,2026-05-05 07:00:00,2026-05-05 07:00:00,,0.0,0,2026-05-04
2026-06-24 13:21:51,2026-05-04 01:00:00,RFID-010,RFD737,RFID,,,VERIFIED,,False,,,Dry Goods,Bagong Pag-Asa,Mandaluyong City,11,VH-010,DR-010,Delivered,2026-05-05 06:00:00,2026-05-05 06:00:00,,0.0,1,2026-05-04
2026-06-24 13:21:54,2026-05-04 01:00:00,RFID-007,RFD183,RFID,,,FLAGGED,,True,,,Frozen,Malabon,Quiapo,25,VH-007,DR-007,Delivered,2026-05-05 21:00:00,2026-05-05 21:00:00,,0.0,1,2026-05-04
2026-06-24 13:21:56,2026-05-04 01:00:00,RFID-009,RFD395,RFID,,,FLAGGED,,True,,,Cool-Chain,Las Piñas City,Marikina Heights,6,VH-009,DR-009,Delivered,2026-05-04 04:00:00,2026-05-04 04:00:00,,0.0,1,2026-05-04
2026-06-24 13:21:57,2026-05-04 01:00:00,RFID-043,RFD840,RFID,,,VERIFIED,,False,,,Industrial,General Mariano Alvarez,Davao,11,VH-043,DR-043,Delivered,2026-05-05 13:00:00,2026-05-05 13:00:00,,0.0,1,2026-05-04
2026-06-24 13:22:07,2026-05-04 02:00:00,RFID-027,RFD272,RFID,,,VERIFIED,,False,,,Industrial,Paco,Pansol,11,VH-027,DR-027,Delivered,2026-05-04 18:00:00,2026-05-04 18:00:00,,0.0,2,2026-05-04
2026-06-24 13:22:08,2026-05-04 02:00:00,RFID-044,RFD209,RFID,,,VERIFIED,,False,,,Pharma,Davao,Banco Filipino International Village,26,VH-044,DR-044,Delayed,2026-05-06 10:00:00,2026-05-06 21:00:00,Route change,11.0,2,2026-05-04
2026-06-24 13:22:11,2026-05-04 02:00:00,RFID-026,RFD330,RFID,,,VERIFIED,,False,,,Frozen,Sampaloc,Pateros,49,VH-026,DR-026,Delivered,2026-05-04 09:00:00,2026-05-04 09:00:00,,0.0,2,2026-05-04
2026-06-24 13:22:17,2026-05-04 04:00:00,RFID-043,RFD279,RFID,,,VERIFIED,,False,,,Industrial,General Mariano Alvarez,Davao,11,VH-043,DR-043,Delivered,2026-05-05 13:00:00,2026-05-05 13:00:00,,0.0,4,2026-05-04
2026-06-24 13:22:17,2026-05-04 04:00:00,RFID-030,RFD244,RFID,,,VERIFIED,,False,,,Pharma,Sampaloc,Mandaluyong City,1,VH-030,DR-030,Delayed,2026-05-04 23:00:00,2026-05-05 09:00:00,Weather,10.0,4,2026-05-04
2026-06-24 13:22:18,2026-05-04 04:00:00,RFID-031,RFD578,RFID,,,VERIFIED,,False,,,Frozen,Caloocan City,Marikina Heights,33,VH-031,DR-031,Delayed,2026-05-04 15:00:00,2026-05-04 17:00:00,RFID flag,2.0,4,2026-05-04
2026-06-24 13:22:27,2026-05-04 05:00:00,RFID-010,RFD956,RFID,,,FLAGGED,,True,,,Dry Goods,Bagong Pag-Asa,Mandaluyong City,11,VH-010,DR-010,Delivered,2026-05-05 06:00:00,2026-05-05 06:00:00,,0.0,5,2026-05-04
2026-06-24 13:22:29,2026-05-04 05:00:00,RFID-005,RFD344,RFID,,,FLAGGED,,True,,,Cool-Chain,Karuhatan,Quiapo,10,VH-005,DR-005,Delivered,2026-05-06 10:00:00,2026-05-06 10:00:00,,0.0,5,2026-05-04
2026-06-24 13:22:30,2026-05-04 05:00:00,RFID-024,RFD664,RFID,,,VERIFIED,,False,,,Industrial,Santa Cruz,Bel-Air,1,VH-024,DR-024,Delivered,2026-05-06 00:00:00,2026-05-06 00:00:00,,0.0,5,2026-05-04
2026-06-24 13:22:32,2026-05-04 06:00:00,RFID-030,RFD493,RFID,,,FLAGGED,,True,,,Pharma,Sampaloc,Mandaluyong City,1,VH-030,DR-030,Delayed,2026-05-04 23:00:00,2026-05-05 09:00:00,Weather,10.0,6,2026-05-04
2026-06-24 13:22:33,2026-05-04 06:00:00,RFID-026,RFD631,RFID,,,VERIFIED,,False,,,Frozen,Sampaloc,Pateros,49,VH-026,DR-026,Delivered,2026-05-04 09:00:00,2026-05-04 09:00:00,,0.0,6,2026-05-04
2026-06-24 13:22:38,2026-05-04 07:00:00,RFID-027,RFD739,RFID,,,FLAGGED,,True,,,Industrial,Paco,Pansol,11,VH-027,DR-027,Delivered,2026-05-04 18:00:00,2026-05-04 18:00:00,,0.0,7,2026-05-04
2026-06-24 13:22:39,2026-05-04 07:00:00,RFID-024,RFD188,RFID,,,VERIFIED,,False,,,Industrial,Santa Cruz,Bel-Air,1,VH-024,DR-024,Delivered,2026-05-06 00:00:00,2026-05-06 00:00:00,,0.0,7,2026-05-04
2026-06-24 13:22:40,2026-05-04 07:00:00,RFID-034,RFD252,RFID,,,VERIFIED,,False,,,Frozen,Santamesa,Malate,4,VH-034,DR-034,Delivered,2026-05-05 19:00:00,2026-05-05 19:00:00,,0.0,7,2026-05-04
2026-06-24 13:22:43,2026-05-04 08:00:00,RFID-031,RFD609,RFID,,,VERIFIED,,False,,,Frozen,Caloocan City,Marikina Heights,33,VH-031,DR-031,Delayed,2026-05-04 15:00:00,2026-05-04 17:00:00,RFID flag,2.0,8,2026-05-04
2026-06-24 13:22:46,2026-05-04 08:00:00,RFID-005,RFD903,RFID,,,VERIFIED,,False,,,Cool-Chain,Karuhatan,Quiapo,10,VH-005,DR-005,Delivered,2026-05-06 10:00:00,2026-05-06 10:00:00,,0.0,8,2026-05-04
2026-06-24 13:22:47,2026-05-04 09:00:00,RFID-031,RFD502,RFID,,,FLAGGED,,True,,,Frozen,Caloocan City,Marikina Heights,33,VH-031,DR-031,Delayed,2026-05-04 15:00:00,2026-05-04 17:00:00,RFID flag,2.0,9,2026-05-04
2026-06-24 13:22:48,2026-05-04 09:00:00,RFID-034,RFD727,RFID,,,VERIFIED,,False,,,Frozen,Santamesa,Malate,4,VH-034,DR-034,Delivered,2026-05-05 19:00:00,2026-05-05 19:00:00,,0.0,9,2026-05-04
2026-06-24 13:22:50,2026-05-04 09:00:00,RFID-010,RFD116,RFID,,,VERIFIED,,False,,,Dry Goods,Bagong Pag-Asa,Mandaluyong City,11,VH-010,DR-010,Delivered,2026-05-05 06:00:00,2026-05-05 06:00:00,,0.0,9,2026-05-04
2026-06-24 13:22:51,2026-05-04 09:00:00,RFID-011,RFD101,RFID,,,VERIFIED,,False,,,Frozen,Santa Cruz,San Andres,39,VH-011,DR-011,Delivered,2026-05-06 14:00:00,2026-05-06 14:00:00,,0.0,9,2026-05-04
2026-06-24 13:22:51,2026-05-04 10:00:00,RFID-024,RFD834,RFID,,,VERIFIED,,False,,,Industrial,Santa Cruz,Bel-Air,1,VH-024,DR-024,Delivered,2026-05-06 00:00:00,2026-05-06 00:00:00,,0.0,10,2026-05-04
2026-06-24 13:22:56,2026-05-04 10:00:00,RFID-026,RFD356,RFID,,,VERIFIED,,False,,,Frozen,Sampaloc,Pateros,49,VH-026,DR-026,Delivered,2026-05-04 09:00:00,2026-05-04 09:00:00,,0.0,10,2026-05-04
2026-06-24 13:22:57,2026-05-04 11:00:00,RFID-039,RFD330,RFID,,,VERIFIED,,False,,,Deep Freeze,Western Bicutan,Malate,11,VH-039,DR-039,Delivered,2026-05-07 04:00:00,2026-05-07 04:00:00,,0.0,11,2026-05-04
2026-06-24 13:22:59,2026-05-04 11:00:00,RFID-043,RFD280,RFID,,,VERIFIED,,False,,,Industrial,General Mariano Alvarez,Davao,11,VH-043,DR-043,Delivered,2026-05-05 13:00:00,2026-05-05 13:00:00,,0.0,11,2026-05-04
2026-06-24 13:23:02,2026-05-04 12:00:00,RFID-027,RFD677,RFID,,,VERIFIED,,False,,,Industrial,Paco,Pansol,11,VH-027,DR-027,Delivered,2026-05-04 18:00:00,2026-05-04 18:00:00,,0.0,12,2026-05-04
2026-06-24 13:23:04,2026-05-04 12:00:00,RFID-003,RFD258,RFID,,,VERIFIED,,False,,,Industrial,Canagatan,Mandaluyong City,13,VH-003,DR-003,Delivered,2026-05-06 07:00:00,2026-05-06 07:00:00,,0.0,12,2026-05-04
2026-06-24 13:23:08,2026-05-04 13:00:00,RFID-026,RFD664,RFID,,,VERIFIED,,False,,,Frozen,Sampaloc,Pateros,49,VH-026,DR-026,Delivered,2026-05-04 09:00:00,2026-05-04 09:00:00,,0.0,13,2026-05-04
2026-06-24 13:23:10,2026-05-04 13:00:00,RFID-005,RFD298,RFID,,,VERIFIED,,False,,,Cool-Chain,Karuhatan,Quiapo,10,VH-005,DR-005,Delivered,2026-05-06 10:00:00,2026-05-06 10:00:00,,0.0,13,2026-05-04
2026-06-24 13:23:12,2026-05-04 14:00:00,RFID-011,RFD526,RFID,,,FLAGGED,,True,,,Frozen,Santa Cruz,San Andres,39,VH-011,DR-011,Delivered,2026-05-06 14:00:00,2026-05-06 14:00:00,,0.0,14,2026-05-04
2026-06-24 13:23:13,2026-05-04 14:00:00,RFID-050,RFD710,RFID,,,VERIFIED,,False,,,Clothing,San Andres,Caloocan City,35,VH-050,DR-050,Delivered,2026-05-06 00:00:00,2026-05-06 00:00:00,,0.0,14,2026-05-04
2026-06-24 13:23:17,2026-05-04 14:00:00,RFID-027,RFD129,RFID,,,VERIFIED,,False,,,Industrial,Paco,Pansol,11,VH-027,DR-027,Delivered,2026-05-04 18:00:00,2026-05-04 18:00:00,,0.0,14,2026-05-04
2026-06-24 13:23:20,2026-05-04 15:00:00,RFID-045,RFD756,RFID,,,VERIFIED,,False,,,Frozen,Pasig City,Pateros,27,VH-045,DR-045,Delivered,2026-05-06 14:00:00,2026-05-06 14:00:00,,0.0,15,2026-05-04
2026-06-24 13:23:21,2026-05-04 15:00:00,RFID-003,RFD907,RFID,,,VERIFIED,,False,,,Industrial,Canagatan,Mandaluyong City,13,VH-003,DR-003,Delivered,2026-05-06 07:00:00,2026-05-06 07:00:00,,0.0,15,2026-05-04
2026-06-24 13:23:24,2026-05-04 15:00:00,RFID-039,RFD821,RFID,,,VERIFIED,,False,,,Deep Freeze,Western Bicutan,Malate,11,VH-039,DR-039,Delivered,2026-05-07 04:00:00,2026-05-07 04:00:00,,0.0,15,2026-05-04
2026-06-24 13:23:27,2026-05-04 16:00:00,RFID-016,RFD609,RFID,,,VERIFIED,,False,,,Industrial,Putatan,City of Parañaque,35,VH-016,DR-016,Delivered,2026-05-05 11:00:00,2026-05-05 11:00:00,,0.0,16,2026-05-04
2026-06-24 13:23:28,2026-05-04 16:00:00,RFID-005,RFD684,RFID,,,VERIFIED,,False,,,Cool-Chain,Karuhatan,Quiapo,10,VH-005,DR-005,Delivered,2026-05-06 10:00:00,2026-05-06 10:00:00,,0.0,16,2026-05-04
2026-06-24 13:23:31,2026-05-04 17:00:00,RFID-024,RFD887,RFID,,,VERIFIED,,False,,,Industrial,Santa Cruz,Bel-Air,1,VH-024,DR-024,Delivered,2026-05-06 00:00:00,2026-05-06 00:00:00,,0.0,17,2026-05-04
2026-06-24 13:23:32,2026-05-04 17:00:00,RFID-011,RFD187,RFID,,,VERIFIED,,False,,,Frozen,Santa Cruz,San Andres,39,VH-011,DR-011,Delivered,2026-05-06 14:00:00,2026-05-06 14:00:00,,0.0,17,2026-05-04
2026-06-24 13:23:38,2026-05-04 17:00:00,RFID-050,RFD640,RFID,,,VERIFIED,,False,,,Clothing,San Andres,Caloocan City,35,VH-050,DR-050,Delivered,2026-05-06 00:00:00,2026-05-06 00:00:00,,0.0,17,2026-05-04
2026-06-24 13:23:39,2026-05-04 18:00:00,RFID-022,RFD238,RFID,,,FLAGGED,,True,,,Industrial,Manila,Bayanan,7,VH-022,DR-022,Delivered,2026-05-06 11:00:00,2026-05-06 11:00:00,,0.0,18,2026-05-04
2026-06-24 13:23:40,2026-05-04 18:00:00,RFID-039,RFD600,RFID,,,VERIFIED,,False,,,Deep Freeze,Western Bicutan,Malate,11,VH-039,DR-039,Delivered,2026-05-07 04:00:00,2026-05-07 04:00:00,,0.0,18,2026-05-04
2026-06-24 13:23:44,2026-05-04 19:00:00,RFID-003,RFD652,RFID,,,VERIFIED,,False,,,Industrial,Canagatan,Mandaluyong City,13,VH-003,DR-003,Delivered,2026-05-06 07:00:00,2026-05-06 07:00:00,,0.0,19,2026-05-04
2026-06-24 13:23:46,2026-05-04 19:00:00,RFID-022,RFD830,RFID,,,VERIFIED,,False,,,Industrial,Manila,Bayanan,7,VH-022,DR-022,Delivered,2026-05-06 11:00:00,2026-05-06 11:00:00,,0.0,19,2026-05-04
2026-06-24 13:23:51,2026-05-04 20:00:00,RFID-008,RFD201,RFID,,,FLAGGED,,True,,,Dry Goods,Canagatan,San Antonio,37,VH-008,DR-008,Delivered,2026-05-07 12:00:00,2026-05-07 12:00:00,,0.0,20,2026-05-04
2026-06-24 13:23:54,2026-05-04 20:00:00,RFID-045,RFD237,RFID,,,VERIFIED,,False,,,Frozen,Pasig City,Pateros,27,VH-045,DR-045,Delivered,2026-05-06 14:00:00,2026-05-06 14:00:00,,0.0,20,2026-05-04
2026-06-24 13:23:54,2026-05-04 21:00:00,RFID-005,RFD388,RFID,,,VERIFIED,,False,,,Cool-Chain,Karuhatan,Quiapo,10,VH-005,DR-005,Delivered,2026-05-06 10:00:00,2026-05-06 10:00:00,,0.0,21,2026-05-04
2026-06-24 13:23:58,2026-05-04 21:00:00,RFID-023,RFD817,RFID,,,VERIFIED,,False,,,Pharma,Santo Niño,Tatalon,10,VH-023,DR-023,Delivered,2026-05-07 13:00:00,2026-05-07 13:00:00,,0.0,21,2026-05-04
2026-06-24 13:24:00,2026-05-04 21:00:00,RFID-024,RFD175,RFID,,,VERIFIED,,False,,,Industrial,Santa Cruz,Bel-Air,1,VH-024,DR-024,Delivered,2026-05-06 00:00:00,2026-05-06 00:00:00,,0.0,21,2026-05-04
2026-06-24 13:24:01,2026-05-04 21:00:00,RFID-016,RFD631,RFID,,,VERIFIED,,False,,,Industrial,Putatan,City of Parañaque,35,VH-016,DR-016,Delivered,2026-05-05 11:00:00,2026-05-05 11:00:00,,0.0,21,2026-05-04
2026-06-24 13:24:05,2026-05-04 22:00:00,RFID-011,RFD638,RFID,,,FLAGGED,,True,,,Frozen,Santa Cruz,San Andres,39,VH-011,DR-011,Delivered,2026-05-06 14:00:00,2026-05-06 14:00:00,,0.0,22,2026-05-04
2026-06-24 13:24:06,2026-05-04 22:00:00,RFID-047,RFD197,RFID,,,VERIFIED,,False,,,Chill/Refrigerated,Bignay,Marikina Heights,43,VH-047,DR-047,Delivered,2026-05-06 01:00:00,2026-05-06 01:00:00,,0.0,22,2026-05-04
2026-06-24 13:24:13,2026-05-04 23:00:00,RFID-039,RFD673,RFID,,,VERIFIED,,False,,,Deep Freeze,Western Bicutan,Malate,11,VH-039,DR-039,Delivered,2026-05-07 04:00:00,2026-05-07 04:00:00,,0.0,23,2026-05-04
2026-06-24 13:24:16,2026-05-04 23:00:00,RFID-050,RFD677,RFID,,,FLAGGED,,True,,,Clothing,San Andres,Caloocan City,35,VH-050,DR-050,Delivered,2026-05-06 00:00:00,2026-05-06 00:00:00,,0.0,23,2026-05-04
2026-06-24 13:24:19,2026-05-04 23:00:00,RFID-003,RFD997,RFID,,,VERIFIED,,False,,,Industrial,Canagatan,Mandaluyong City,13,VH-003,DR-003,Delivered,2026-05-06 07:00:00,2026-05-06 07:00:00,,0.0,23,2026-05-04
2026-06-24 13:24:21,2026-05-04 23:00:00,RFID-014,RFD894,RFID,,,FLAGGED,,True,,,Pharma,Quiapo,Zamboanga City,37,VH-014,DR-014,Delivered,2026-05-06 11:00:00,2026-05-06 11:00:00,,0.0,23,2026-05-04
2026-06-24 13:24:23,2026-05-05 00:00:00,RFID-045,RFD928,RFID,,,VERIFIED,,False,,,Frozen,Pasig City,Pateros,27,VH-045,DR-045,Delivered,2026-05-06 14:00:00,2026-05-06 14:00:00,,0.0,0,2026-05-05
2026-06-24 13:24:29,2026-05-05 01:00:00,RFID-050,RFD660,RFID,,,FLAGGED,,True,,,Clothing,San Andres,Caloocan City,35,VH-050,DR-050,Delivered,2026-05-06 00:00:00,2026-05-06 00:00:00,,0.0,1,2026-05-05
2026-06-24 13:24:29,2026-05-05 01:00:00,RFID-008,RFD240,RFID,,,VERIFIED,,False,,,Dry Goods,Canagatan,San Antonio,37,VH-008,DR-008,Delivered,2026-05-07 12:00:00,2026-05-07 12:00:00,,0.0,1,2026-05-05
2026-06-24 13:24:32,2026-05-05 01:00:00,RFID-016,RFD844,RFID,,,VERIFIED,,False,,,Industrial,Putatan,City of Parañaque,35,VH-016,DR-016,Delivered,2026-05-05 11:00:00,2026-05-05 11:00:00,,0.0,1,2026-05-05
2026-06-24 13:24:34,2026-05-05 01:00:00,RFID-015,RFD871,RFID,,,VERIFIED,,False,,,Electronics,Pinyahan,Central Signal Village,42,VH-015,DR-015,Delivered,2026-05-05 23:00:00,2026-05-05 23:00:00,,0.0,1,2026-05-05
2026-06-24 13:24:36,2026-05-05 01:00:00,RFID-023,RFD620,RFID,,,VERIFIED,,False,,,Pharma,Santo Niño,Tatalon,10,VH-023,DR-023,Delivered,2026-05-07 13:00:00,2026-05-07 13:00:00,,0.0,1,2026-05-05
2026-06-24 13:24:39,2026-05-05 01:00:00,RFID-045,RFD848,RFID,,,VERIFIED,,False,,,Frozen,Pasig City,Pateros,27,VH-045,DR-045,Delivered,2026-05-06 14:00:00,2026-05-06 14:00:00,,0.0,1,2026-05-05
2026-06-24 13:24:40,2026-05-05 02:00:00,RFID-035,RFD731,RFID,,,VERIFIED,,False,,,Pharma,Poblacion,Bayanan,13,VH-035,DR-035,Delivered,2026-05-07 16:00:00,2026-05-07 16:00:00,,0.0,2,2026-05-05
2026-06-24 13:24:45,2026-05-05 02:00:00,RFID-022,RFD929,RFID,,,VERIFIED,,False,,,Industrial,Manila,Bayanan,7,VH-022,DR-022,Delivered,2026-05-06 11:00:00,2026-05-06 11:00:00,,0.0,2,2026-05-05
2026-06-24 13:24:47,2026-05-05 03:00:00,RFID-021,RFD216,RFID,,,FLAGGED,,True,,,Chill/Refrigerated,San Pedro,Pansol,30,VH-021,DR-021,Delivered,2026-05-05 20:00:00,2026-05-05 20:00:00,,0.0,3,2026-05-05
2026-06-24 13:24:49,2026-05-05 03:00:00,RFID-015,RFD982,RFID,,,VERIFIED,,False,,,Electronics,Pinyahan,Central Signal Village,42,VH-015,DR-015,Delivered,2026-05-05 23:00:00,2026-05-05 23:00:00,,0.0,3,2026-05-05
2026-06-24 13:24:49,2026-05-05 03:00:00,RFID-047,RFD588,RFID,,,VERIFIED,,False,,,Chill/Refrigerated,Bignay,Marikina Heights,43,VH-047,DR-047,Delivered,2026-05-06 01:00:00,2026-05-06 01:00:00,,0.0,3,2026-05-05
2026-06-24 13:24:51,2026-05-05 03:00:00,RFID-008,RFD949,RFID,,,VERIFIED,,False,,,Dry Goods,Canagatan,San Antonio,37,VH-008,DR-008,Delivered,2026-05-07 12:00:00,2026-05-07 12:00:00,,0.0,3,2026-05-05
2026-06-24 13:25:02,2026-05-05 04:00:00,RFID-006,RFD936,RFID,,,VERIFIED,,False,,,Dry Goods,Pasay City,Bel-Air,39,VH-006,DR-006,Delayed,2026-05-05 19:00:00,2026-05-05 22:00:00,RFID flag,3.0,4,2026-05-05
2026-06-24 13:25:06,2026-05-05 05:00:00,RFID-022,RFD826,RFID,,,VERIFIED,,False,,,Industrial,Manila,Bayanan,7,VH-022,DR-022,Delivered,2026-05-06 11:00:00,2026-05-06 11:00:00,,0.0,5,2026-05-05
2026-06-24 13:25:08,2026-05-05 05:00:00,RFID-023,RFD305,RFID,,,FLAGGED,,True,,,Pharma,Santo Niño,Tatalon,10,VH-023,DR-023,Delivered,2026-05-07 13:00:00,2026-05-07 13:00:00,,0.0,5,2026-05-05
2026-06-24 13:25:09,2026-05-05 05:00:00,RFID-021,RFD611,RFID,,,VERIFIED,,False,,,Chill/Refrigerated,San Pedro,Pansol,30,VH-021,DR-021,Delivered,2026-05-05 20:00:00,2026-05-05 20:00:00,,0.0,5,2026-05-05
2026-06-24 13:25:10,2026-05-05 05:00:00,RFID-014,RFD306,RFID,,,FLAGGED,,True,,,Pharma,Quiapo,Zamboanga City,37,VH-014,DR-014,Delivered,2026-05-06 11:00:00,2026-05-06 11:00:00,,0.0,5,2026-05-05
2026-06-24 13:25:14,2026-05-05 06:00:00,RFID-015,RFD439,RFID,,,VERIFIED,,False,,,Electronics,Pinyahan,Central Signal Village,42,VH-015,DR-015,Delivered,2026-05-05 23:00:00,2026-05-05 23:00:00,,0.0,6,2026-05-05
2026-06-24 13:25:15,2026-05-05 06:00:00,RFID-016,RFD716,RFID,,,FLAGGED,,True,,,Industrial,Putatan,City of Parañaque,35,VH-016,DR-016,Delivered,2026-05-05 11:00:00,2026-05-05 11:00:00,,0.0,6,2026-05-05
2026-06-24 13:25:18,2026-05-05 06:00:00,RFID-006,RFD241,RFID,,,VERIFIED,,False,,,Dry Goods,Pasay City,Bel-Air,39,VH-006,DR-006,Delayed,2026-05-05 19:00:00,2026-05-05 22:00:00,RFID flag,3.0,6,2026-05-05
2026-06-24 13:25:19,2026-05-05 06:00:00,RFID-014,RFD142,RFID,,,VERIFIED,,False,,,Pharma,Quiapo,Zamboanga City,37,VH-014,DR-014,Delivered,2026-05-06 11:00:00,2026-05-06 11:00:00,,0.0,6,2026-05-05
2026-06-24 13:25:20,2026-05-05 07:00:00,RFID-035,RFD619,RFID,,,VERIFIED,,False,,,Pharma,Poblacion,Bayanan,13,VH-035,DR-035,Delivered,2026-05-07 16:00:00,2026-05-07 16:00:00,,0.0,7,2026-05-05
2026-06-24 13:25:24,2026-05-05 07:00:00,RFID-029,RFD409,RFID,,,VERIFIED,,False,,,Clothing,Santa Ana,Santamesa,8,VH-029,DR-029,Delivered,2026-05-06 21:00:00,2026-05-06 21:00:00,,0.0,7,2026-05-05
2026-06-24 13:25:26,2026-05-05 07:00:00,RFID-022,RFD397,RFID,,,VERIFIED,,False,,,Industrial,Manila,Bayanan,7,VH-022,DR-022,Delivered,2026-05-06 11:00:00,2026-05-06 11:00:00,,0.0,7,2026-05-05
2026-06-24 13:25:29,2026-05-05 08:00:00,RFID-047,RFD106,RFID,,,VERIFIED,,False,,,Chill/Refrigerated,Bignay,Marikina Heights,43,VH-047,DR-047,Delivered,2026-05-06 01:00:00,2026-05-06 01:00:00,,0.0,8,2026-05-05
2026-06-24 13:25:29,2026-05-05 08:00:00,RFID-045,RFD835,RFID,,,VERIFIED,,False,,,Frozen,Pasig City,Pateros,27,VH-045,DR-045,Delivered,2026-05-06 14:00:00,2026-05-06 14:00:00,,0.0,8,2026-05-05
2026-06-24 13:25:34,2026-05-05 08:00:00,RFID-016,RFD428,RFID,,,VERIFIED,,False,,,Industrial,Putatan,City of Parañaque,35,VH-016,DR-016,Delivered,2026-05-05 11:00:00,2026-05-05 11:00:00,,0.0,8,2026-05-05
2026-06-24 13:25:38,2026-05-05 09:00:00,RFID-023,RFD605,RFID,,,FLAGGED,,True,,,Pharma,Santo Niño,Tatalon,10,VH-023,DR-023,Delivered,2026-05-07 13:00:00,2026-05-07 13:00:00,,0.0,9,2026-05-05
2026-06-24 13:25:40,2026-05-05 09:00:00,RFID-040,RFD792,RFID,,,FLAGGED,,True,,,Clothing,San Juan,Manila,19,VH-040,DR-040,Delivered,2026-05-06 11:00:00,2026-05-06 11:00:00,,0.0,9,2026-05-05
2026-06-24 13:25:48,2026-05-05 10:00:00,RFID-008,RFD242,RFID,,,VERIFIED,,False,,,Dry Goods,Canagatan,San Antonio,37,VH-008,DR-008,Delivered,2026-05-07 12:00:00,2026-05-07 12:00:00,,0.0,10,2026-05-05
2026-06-24 13:25:53,2026-05-05 11:00:00,RFID-006,RFD592,RFID,,,FLAGGED,,True,,,Dry Goods,Pasay City,Bel-Air,39,VH-006,DR-006,Delayed,2026-05-05 19:00:00,2026-05-05 22:00:00,RFID flag,3.0,11,2026-05-05
2026-06-24 13:25:57,2026-05-05 12:00:00,RFID-047,RFD557,RFID,,,VERIFIED,,False,,,Chill/Refrigerated,Bignay,Marikina Heights,43,VH-047,DR-047,Delivered,2026-05-06 01:00:00,2026-05-06 01:00:00,,0.0,12,2026-05-05
2026-06-24 13:25:57,2026-05-05 12:00:00,RFID-029,RFD926,RFID,,,FLAGGED,,True,,,Clothing,Santa Ana,Santamesa,8,VH-029,DR-029,Delivered,2026-05-06 21:00:00,2026-05-06 21:00:00,,0.0,12,2026-05-05
2026-06-24 13:25:58,2026-05-05 12:00:00,RFID-033,RFD175,RFID,,,VERIFIED,,False,,,Dry Goods,Pansol,Malate,28,VH-033,DR-033,Delayed,2026-05-06 10:00:00,2026-05-06 22:00:00,Temp breach,12.0,12,2026-05-05
2026-06-24 13:26:00,2026-05-05 12:00:00,RFID-021,RFD220,RFID,,,VERIFIED,,False,,,Chill/Refrigerated,San Pedro,Pansol,30,VH-021,DR-021,Delivered,2026-05-05 20:00:00,2026-05-05 20:00:00,,0.0,12,2026-05-05
2026-06-24 13:26:01,2026-05-05 12:00:00,RFID-017,RFD402,RFID,,,VERIFIED,,False,,,Dry Goods,Malabon,Karuhatan,15,VH-017,DR-017,Delivered,2026-05-08 09:00:00,2026-05-08 09:00:00,,0.0,12,2026-05-05
2026-06-24 13:26:02,2026-05-05 12:00:00,RFID-035,RFD406,RFID,,,VERIFIED,,False,,,Pharma,Poblacion,Bayanan,13,VH-035,DR-035,Delivered,2026-05-07 16:00:00,2026-05-07 16:00:00,,0.0,12,2026-05-05
2026-06-24 13:26:03,2026-05-05 12:00:00,RFID-015,RFD476,RFID,,,FLAGGED,,True,,,Electronics,Pinyahan,Central Signal Village,42,VH-015,DR-015,Delivered,2026-05-05 23:00:00,2026-05-05 23:00:00,,0.0,12,2026-05-05
2026-06-24 13:26:04,2026-05-05 12:00:00,RFID-028,RFD889,RFID,,,VERIFIED,,False,,,Pharma,Malabon,Paco,46,VH-028,DR-028,Delivered,2026-05-06 13:00:00,2026-05-06 13:00:00,,0.0,12,2026-05-05
2026-06-24 13:26:05,2026-05-05 12:00:00,RFID-023,RFD686,RFID,,,VERIFIED,,False,,,Pharma,Santo Niño,Tatalon,10,VH-023,DR-023,Delivered,2026-05-07 13:00:00,2026-05-07 13:00:00,,0.0,12,2026-05-05
2026-06-24 13:26:07,2026-05-05 12:00:00,RFID-019,RFD722,RFID,,,FLAGGED,,True,,,Clothing,Tatalon,Bacoor,34,VH-019,DR-019,Delayed,2026-05-07 14:00:00,2026-05-07 22:00:00,Traffic,8.0,12,2026-05-05
2026-06-24 13:26:09,2026-05-05 12:00:00,RFID-014,RFD627,RFID,,,VERIFIED,,False,,,Pharma,Quiapo,Zamboanga City,37,VH-014,DR-014,Delivered,2026-05-06 11:00:00,2026-05-06 11:00:00,,0.0,12,2026-05-05
2026-06-24 13:26:16,2026-05-05 14:00:00,RFID-040,RFD504,RFID,,,VERIFIED,,False,,,Clothing,San Juan,Manila,19,VH-040,DR-040,Delivered,2026-05-06 11:00:00,2026-05-06 11:00:00,,0.0,14,2026-05-05
2026-06-24 13:26:17,2026-05-05 14:00:00,RFID-008,RFD105,RFID,,,VERIFIED,,False,,,Dry Goods,Canagatan,San Antonio,37,VH-008,DR-008,Delivered,2026-05-07 12:00:00,2026-05-07 12:00:00,,0.0,14,2026-05-05
2026-06-24 13:26:23,2026-05-05 15:00:00,RFID-036,RFD371,RFID,,,VERIFIED,,False,,,Cool-Chain,Las Piñas City,San Isidro,30,VH-036,DR-036,Delivered,2026-05-06 11:00:00,2026-05-06 11:00:00,,0.0,15,2026-05-05
2026-06-24 13:26:26,2026-05-05 15:00:00,RFID-021,RFD820,RFID,,,VERIFIED,,False,,,Chill/Refrigerated,San Pedro,Pansol,30,VH-021,DR-021,Delivered,2026-05-05 20:00:00,2026-05-05 20:00:00,,0.0,15,2026-05-05
2026-06-24 13:26:27,2026-05-05 15:00:00,RFID-006,RFD205,RFID,,,VERIFIED,,False,,,Dry Goods,Pasay City,Bel-Air,39,VH-006,DR-006,Delayed,2026-05-05 19:00:00,2026-05-05 22:00:00,RFID flag,3.0,15,2026-05-05
2026-06-24 13:26:30,2026-05-05 16:00:00,RFID-035,RFD477,RFID,,,VERIFIED,,False,,,Pharma,Poblacion,Bayanan,13,VH-035,DR-035,Delivered,2026-05-07 16:00:00,2026-05-07 16:00:00,,0.0,16,2026-05-05
2026-06-24 13:26:32,2026-05-05 16:00:00,RFID-029,RFD174,RFID,,,VERIFIED,,False,,,Clothing,Santa Ana,Santamesa,8,VH-029,DR-029,Delivered,2026-05-06 21:00:00,2026-05-06 21:00:00,,0.0,16,2026-05-05
2026-06-24 13:26:34,2026-05-05 16:00:00,RFID-047,RFD409,RFID,,,VERIFIED,,False,,,Chill/Refrigerated,Bignay,Marikina Heights,43,VH-047,DR-047,Delivered,2026-05-06 01:00:00,2026-05-06 01:00:00,,0.0,16,2026-05-05
2026-06-24 13:26:36,2026-05-05 17:00:00,RFID-033,RFD882,RFID,,,VERIFIED,,False,,,Dry Goods,Pansol,Malate,28,VH-033,DR-033,Delayed,2026-05-06 10:00:00,2026-05-06 22:00:00,Temp breach,12.0,17,2026-05-05
2026-06-24 13:26:37,2026-05-05 17:00:00,RFID-015,RFD861,RFID,,,VERIFIED,,False,,,Electronics,Pinyahan,Central Signal Village,42,VH-015,DR-015,Delivered,2026-05-05 23:00:00,2026-05-05 23:00:00,,0.0,17,2026-05-05
2026-06-24 13:26:39,2026-05-05 17:00:00,RFID-029,RFD525,RFID,,,FLAGGED,,True,,,Clothing,Santa Ana,Santamesa,8,VH-029,DR-029,Delivered,2026-05-06 21:00:00,2026-05-06 21:00:00,,0.0,17,2026-05-05
2026-06-24 13:26:40,2026-05-05 17:00:00,RFID-040,RFD923,RFID,,,VERIFIED,,False,,,Clothing,San Juan,Manila,19,VH-040,DR-040,Delivered,2026-05-06 11:00:00,2026-05-06 11:00:00,,0.0,17,2026-05-05
2026-06-24 13:26:41,2026-05-05 17:00:00,RFID-006,RFD881,RFID,,,VERIFIED,,False,,,Dry Goods,Pasay City,Bel-Air,39,VH-006,DR-006,Delayed,2026-05-05 19:00:00,2026-05-05 22:00:00,RFID flag,3.0,17,2026-05-05
2026-06-24 13:26:42,2026-05-05 18:00:00,RFID-028,RFD885,RFID,,,VERIFIED,,False,,,Pharma,Malabon,Paco,46,VH-028,DR-028,Delivered,2026-05-06 13:00:00,2026-05-06 13:00:00,,0.0,18,2026-05-05
2026-06-24 13:26:44,2026-05-05 18:00:00,RFID-017,RFD834,RFID,,,VERIFIED,,False,,,Dry Goods,Malabon,Karuhatan,15,VH-017,DR-017,Delivered,2026-05-08 09:00:00,2026-05-08 09:00:00,,0.0,18,2026-05-05
2026-06-24 13:26:48,2026-05-05 18:00:00,RFID-048,RFD809,RFID,,,VERIFIED,,False,,,Frozen,Don Bosco,Santa Ana,1,VH-048,DR-048,Delivered,2026-05-07 00:00:00,2026-05-07 00:00:00,,0.0,18,2026-05-05
2026-06-24 13:26:49,2026-05-05 19:00:00,RFID-019,RFD168,RFID,,,FLAGGED,,True,,,Clothing,Tatalon,Bacoor,34,VH-019,DR-019,Delayed,2026-05-07 14:00:00,2026-05-07 22:00:00,Traffic,8.0,19,2026-05-05
2026-06-24 13:26:53,2026-05-05 19:00:00,RFID-035,RFD526,RFID,,,VERIFIED,,False,,,Pharma,Poblacion,Bayanan,13,VH-035,DR-035,Delivered,2026-05-07 16:00:00,2026-05-07 16:00:00,,0.0,19,2026-05-05
2026-06-24 13:26:57,2026-05-05 20:00:00,RFID-021,RFD726,RFID,,,FLAGGED,,True,,,Chill/Refrigerated,San Pedro,Pansol,30,VH-021,DR-021,Delivered,2026-05-05 20:00:00,2026-05-05 20:00:00,,0.0,20,2026-05-05
2026-06-24 13:26:59,2026-05-05 20:00:00,RFID-040,RFD394,RFID,,,VERIFIED,,False,,,Clothing,San Juan,Manila,19,VH-040,DR-040,Delivered,2026-05-06 11:00:00,2026-05-06 11:00:00,,0.0,20,2026-05-05
2026-06-24 13:27:00,2026-05-05 20:00:00,RFID-036,RFD697,RFID,,,VERIFIED,,False,,,Cool-Chain,Las Piñas City,San Isidro,30,VH-036,DR-036,Delivered,2026-05-06 11:00:00,2026-05-06 11:00:00,,0.0,20,2026-05-05
2026-06-24 13:27:02,2026-05-05 20:00:00,RFID-033,RFD738,RFID,,,VERIFIED,,False,,,Dry Goods,Pansol,Malate,28,VH-033,DR-033,Delayed,2026-05-06 10:00:00,2026-05-06 22:00:00,Temp breach,12.0,20,2026-05-05
2026-06-24 13:27:05,2026-05-05 21:00:00,RFID-019,RFD475,RFID,,,VERIFIED,,False,,,Clothing,Tatalon,Bacoor,34,VH-019,DR-019,Delayed,2026-05-07 14:00:00,2026-05-07 22:00:00,Traffic,8.0,21,2026-05-05
2026-06-24 13:27:05,2026-05-05 21:00:00,RFID-048,RFD221,RFID,,,FLAGGED,,True,,,Frozen,Don Bosco,Santa Ana,1,VH-048,DR-048,Delivered,2026-05-07 00:00:00,2026-05-07 00:00:00,,0.0,21,2026-05-05
2026-06-24 13:27:07,2026-05-05 21:00:00,RFID-032,RFD461,RFID,,,FLAGGED,,True,,,Clothing,Sampaloc,Navotas,16,VH-032,DR-032,Delivered,2026-05-06 21:00:00,2026-05-06 21:00:00,,0.0,21,2026-05-05
2026-06-24 13:27:07,2026-05-05 21:00:00,RFID-015,RFD495,RFID,,,VERIFIED,,False,,,Electronics,Pinyahan,Central Signal Village,42,VH-015,DR-015,Delivered,2026-05-05 23:00:00,2026-05-05 23:00:00,,0.0,21,2026-05-05
2026-06-24 13:27:15,2026-05-05 22:00:00,RFID-006,RFD625,RFID,,,VERIFIED,,False,,,Dry Goods,Pasay City,Bel-Air,39,VH-006,DR-006,Delayed,2026-05-05 19:00:00,2026-05-05 22:00:00,RFID flag,3.0,22,2026-05-05
2026-06-24 13:27:16,2026-05-05 22:00:00,RFID-033,RFD199,RFID,,,FLAGGED,,True,,,Dry Goods,Pansol,Malate,28,VH-033,DR-033,Delayed,2026-05-06 10:00:00,2026-05-06 22:00:00,Temp breach,12.0,22,2026-05-05
2026-06-24 13:27:18,2026-05-05 22:00:00,RFID-025,RFD560,RFID,,,VERIFIED,,False,,,Pharma,Sucat,General Mariano Alvarez,4,VH-025,DR-025,Delayed,2026-05-06 09:00:00,2026-05-06 16:00:00,RFID flag,7.0,22,2026-05-05
2026-06-24 13:27:20,2026-05-05 23:00:00,RFID-040,RFD552,RFID,,,VERIFIED,,False,,,Clothing,San Juan,Manila,19,VH-040,DR-040,Delivered,2026-05-06 11:00:00,2026-05-06 11:00:00,,0.0,23,2026-05-05
2026-06-24 13:27:23,2026-05-05 23:00:00,RFID-017,RFD554,RFID,,,FLAGGED,,True,,,Dry Goods,Malabon,Karuhatan,15,VH-017,DR-017,Delivered,2026-05-08 09:00:00,2026-05-08 09:00:00,,0.0,23,2026-05-05
2026-06-24 13:27:24,2026-05-05 23:00:00,RFID-028,RFD131,RFID,,,VERIFIED,,False,,,Pharma,Malabon,Paco,46,VH-028,DR-028,Delivered,2026-05-06 13:00:00,2026-05-06 13:00:00,,0.0,23,2026-05-05
2026-06-24 13:27:29,2026-05-06 00:00:00,RFID-018,RFD990,RFID,,,FLAGGED,,True,,,Frozen,Valenzuela,Banco Filipino International Village,10,VH-018,DR-018,Delivered,2026-05-06 14:00:00,2026-05-06 14:00:00,,0.0,0,2026-05-06
2026-06-24 13:27:31,2026-05-06 00:00:00,RFID-032,RFD606,RFID,,,FLAGGED,,True,,,Clothing,Sampaloc,Navotas,16,VH-032,DR-032,Delivered,2026-05-06 21:00:00,2026-05-06 21:00:00,,0.0,0,2026-05-06
2026-06-24 13:27:32,2026-05-06 00:00:00,RFID-029,RFD448,RFID,,,VERIFIED,,False,,,Clothing,Santa Ana,Santamesa,8,VH-029,DR-029,Delivered,2026-05-06 21:00:00,2026-05-06 21:00:00,,0.0,0,2026-05-06
2026-06-24 13:27:38,2026-05-06 02:00:00,RFID-029,RFD835,RFID,,,VERIFIED,,False,,,Clothing,Santa Ana,Santamesa,8,VH-029,DR-029,Delivered,2026-05-06 21:00:00,2026-05-06 21:00:00,,0.0,2,2026-05-06
2026-06-24 13:27:40,2026-05-06 02:00:00,RFID-019,RFD680,RFID,,,VERIFIED,,False,,,Clothing,Tatalon,Bacoor,34,VH-019,DR-019,Delayed,2026-05-07 14:00:00,2026-05-07 22:00:00,Traffic,8.0,2,2026-05-06
2026-06-24 13:27:41,2026-05-06 02:00:00,RFID-036,RFD744,RFID,,,FLAGGED,,True,,,Cool-Chain,Las Piñas City,San Isidro,30,VH-036,DR-036,Delivered,2026-05-06 11:00:00,2026-05-06 11:00:00,,0.0,2,2026-05-06
2026-06-24 13:27:47,2026-05-06 03:00:00,RFID-018,RFD545,RFID,,,VERIFIED,,False,,,Frozen,Valenzuela,Banco Filipino International Village,10,VH-018,DR-018,Delivered,2026-05-06 14:00:00,2026-05-06 14:00:00,,0.0,3,2026-05-06
2026-06-24 13:27:48,2026-05-06 03:00:00,RFID-048,RFD515,RFID,,,VERIFIED,,False,,,Frozen,Don Bosco,Santa Ana,1,VH-048,DR-048,Delivered,2026-05-07 00:00:00,2026-05-07 00:00:00,,0.0,3,2026-05-06
2026-06-24 13:27:49,2026-05-06 03:00:00,RFID-038,RFD631,RFID,,,VERIFIED,,False,,,Chill/Refrigerated,Davao,Bignay,27,VH-038,DR-038,Delayed,2026-05-08 20:00:00,2026-05-08 23:00:00,Weather,3.0,3,2026-05-06
2026-06-24 13:27:51,2026-05-06 03:00:00,RFID-025,RFD452,RFID,,,VERIFIED,,False,,,Pharma,Sucat,General Mariano Alvarez,4,VH-025,DR-025,Delayed,2026-05-06 09:00:00,2026-05-06 16:00:00,RFID flag,7.0,3,2026-05-06
2026-06-24 13:28:04,2026-05-06 05:00:00,RFID-025,RFD898,RFID,,,VERIFIED,,False,,,Pharma,Sucat,General Mariano Alvarez,4,VH-025,DR-025,Delayed,2026-05-06 09:00:00,2026-05-06 16:00:00,RFID flag,7.0,5,2026-05-06
2026-06-24 13:28:05,2026-05-06 05:00:00,RFID-012,RFD144,RFID,,,VERIFIED,,False,,,Clothing,Tatalon,Bacoor,25,VH-012,DR-012,Delivered,2026-05-08 12:00:00,2026-05-08 12:00:00,,0.0,5,2026-05-06
2026-06-24 13:28:13,2026-05-06 06:00:00,RFID-004,RFD285,RFID,,,FLAGGED,,True,,,Cool-Chain,Central Signal Village,Don Bosco,1,VH-004,DR-004,Delivered,2026-05-07 17:00:00,2026-05-07 17:00:00,,0.0,6,2026-05-06
2026-06-24 13:28:15,2026-05-06 06:00:00,RFID-049,RFD402,RFID,,,VERIFIED,,False,,,Cool-Chain,Putatan,Tatalon,9,VH-049,DR-049,Delayed,2026-05-07 00:00:00,2026-05-07 05:00:00,Traffic,5.0,6,2026-05-06
2026-06-24 13:28:19,2026-05-06 06:00:00,RFID-036,RFD797,RFID,,,FLAGGED,,True,,,Cool-Chain,Las Piñas City,San Isidro,30,VH-036,DR-036,Delivered,2026-05-06 11:00:00,2026-05-06 11:00:00,,0.0,6,2026-05-06
2026-06-24 13:28:20,2026-05-06 06:00:00,RFID-002,RFD118,RFID,,,VERIFIED,,False,,,Deep Freeze,Bayanan,Taguig City,2,VH-002,DR-002,Delivered,2026-05-06 20:00:00,2026-05-06 20:00:00,,0.0,6,2026-05-06
2026-06-24 13:28:22,2026-05-06 06:00:00,RFID-046,RFD909,RFID,,,VERIFIED,,False,,,Cool-Chain,Bignay,Pateros,14,VH-046,DR-046,Delivered,2026-05-08 03:00:00,2026-05-08 03:00:00,,0.0,6,2026-05-06
2026-06-24 13:28:23,2026-05-06 06:00:00,RFID-013,RFD743,RFID,,,VERIFIED,,False,,,Deep Freeze,San Pedro,Don Bosco,15,VH-013,DR-013,Delivered,2026-05-07 07:00:00,2026-05-07 07:00:00,,0.0,6,2026-05-06
2026-06-24 13:28:27,2026-05-06 07:00:00,RFID-018,RFD910,RFID,,,VERIFIED,,False,,,Frozen,Valenzuela,Banco Filipino International Village,10,VH-018,DR-018,Delivered,2026-05-06 14:00:00,2026-05-06 14:00:00,,0.0,7,2026-05-06
2026-06-24 13:28:28,2026-05-06 07:00:00,RFID-032,RFD108,RFID,,,VERIFIED,,False,,,Clothing,Sampaloc,Navotas,16,VH-032,DR-032,Delivered,2026-05-06 21:00:00,2026-05-06 21:00:00,,0.0,7,2026-05-06
2026-06-24 13:28:35,2026-05-06 08:00:00,RFID-038,RFD778,RFID,,,VERIFIED,,False,,,Chill/Refrigerated,Davao,Bignay,27,VH-038,DR-038,Delayed,2026-05-08 20:00:00,2026-05-08 23:00:00,Weather,3.0,8,2026-05-06
2026-06-24 13:28:36,2026-05-06 08:00:00,RFID-036,RFD817,RFID,,,FLAGGED,,True,,,Cool-Chain,Las Piñas City,San Isidro,30,VH-036,DR-036,Delivered,2026-05-06 11:00:00,2026-05-06 11:00:00,,0.0,8,2026-05-06
2026-06-24 13:28:39,2026-05-06 08:00:00,RFID-041,RFD947,RFID,,,FLAGGED,,True,,,Chill/Refrigerated,Rosario,Central Signal Village,13,VH-041,DR-041,Delivered,2026-05-08 11:00:00,2026-05-08 11:00:00,,0.0,8,2026-05-06
2026-06-24 13:28:42,2026-05-06 08:00:00,RFID-032,RFD370,RFID,,,VERIFIED,,False,,,Clothing,Sampaloc,Navotas,16,VH-032,DR-032,Delivered,2026-05-06 21:00:00,2026-05-06 21:00:00,,0.0,8,2026-05-06
2026-06-24 13:28:43,2026-05-06 08:00:00,RFID-004,RFD144,RFID,,,VERIFIED,,False,,,Cool-Chain,Central Signal Village,Don Bosco,1,VH-004,DR-004,Delivered,2026-05-07 17:00:00,2026-05-07 17:00:00,,0.0,8,2026-05-06
2026-06-24 13:28:49,2026-05-06 09:00:00,RFID-013,RFD852,RFID,,,VERIFIED,,False,,,Deep Freeze,San Pedro,Don Bosco,15,VH-013,DR-013,Delivered,2026-05-07 07:00:00,2026-05-07 07:00:00,,0.0,9,2026-05-06
2026-06-24 13:28:50,2026-05-06 09:00:00,RFID-018,RFD752,RFID,,,FLAGGED,,True,,,Frozen,Valenzuela,Banco Filipino International Village,10,VH-018,DR-018,Delivered,2026-05-06 14:00:00,2026-05-06 14:00:00,,0.0,9,2026-05-06
2026-06-24 13:28:51,2026-05-06 09:00:00,RFID-025,RFD232,RFID,,,VERIFIED,,False,,,Pharma,Sucat,General Mariano Alvarez,4,VH-025,DR-025,Delayed,2026-05-06 09:00:00,2026-05-06 16:00:00,RFID flag,7.0,9,2026-05-06
2026-06-24 13:28:51,2026-05-06 09:00:00,RFID-002,RFD319,RFID,,,VERIFIED,,False,,,Deep Freeze,Bayanan,Taguig City,2,VH-002,DR-002,Delivered,2026-05-06 20:00:00,2026-05-06 20:00:00,,0.0,9,2026-05-06
2026-06-24 13:28:55,2026-05-06 09:00:00,RFID-012,RFD359,RFID,,,VERIFIED,,False,,,Clothing,Tatalon,Bacoor,25,VH-012,DR-012,Delivered,2026-05-08 12:00:00,2026-05-08 12:00:00,,0.0,9,2026-05-06
2026-06-24 13:28:57,2026-05-06 10:00:00,RFID-012,RFD169,RFID,,,VERIFIED,,False,,,Clothing,Tatalon,Bacoor,25,VH-012,DR-012,Delivered,2026-05-08 12:00:00,2026-05-08 12:00:00,,0.0,10,2026-05-06
2026-06-24 13:29:05,2026-05-06 11:00:00,RFID-041,RFD812,RFID,,,VERIFIED,,False,,,Chill/Refrigerated,Rosario,Central Signal Village,13,VH-041,DR-041,Delivered,2026-05-08 11:00:00,2026-05-08 11:00:00,,0.0,11,2026-05-06
2026-06-24 13:29:12,2026-05-06 12:00:00,RFID-049,RFD324,RFID,,,VERIFIED,,False,,,Cool-Chain,Putatan,Tatalon,9,VH-049,DR-049,Delayed,2026-05-07 00:00:00,2026-05-07 05:00:00,Traffic,5.0,12,2026-05-06
2026-06-24 13:29:14,2026-05-06 12:00:00,RFID-046,RFD875,RFID,,,VERIFIED,,False,,,Cool-Chain,Bignay,Pateros,14,VH-046,DR-046,Delivered,2026-05-08 03:00:00,2026-05-08 03:00:00,,0.0,12,2026-05-06
2026-06-24 13:29:18,2026-05-06 13:00:00,RFID-002,RFD597,RFID,,,VERIFIED,,False,,,Deep Freeze,Bayanan,Taguig City,2,VH-002,DR-002,Delivered,2026-05-06 20:00:00,2026-05-06 20:00:00,,0.0,13,2026-05-06
2026-06-24 13:29:29,2026-05-06 14:00:00,RFID-004,RFD836,RFID,,,VERIFIED,,False,,,Cool-Chain,Central Signal Village,Don Bosco,1,VH-004,DR-004,Delivered,2026-05-07 17:00:00,2026-05-07 17:00:00,,0.0,14,2026-05-06
2026-06-24 13:29:29,2026-05-06 14:00:00,RFID-032,RFD474,RFID,,,VERIFIED,,False,,,Clothing,Sampaloc,Navotas,16,VH-032,DR-032,Delivered,2026-05-06 21:00:00,2026-05-06 21:00:00,,0.0,14,2026-05-06
2026-06-24 13:29:31,2026-05-06 14:00:00,RFID-038,RFD421,RFID,,,VERIFIED,,False,,,Chill/Refrigerated,Davao,Bignay,27,VH-038,DR-038,Delayed,2026-05-08 20:00:00,2026-05-08 23:00:00,Weather,3.0,14,2026-05-06
2026-06-24 13:29:32,2026-05-06 15:00:00,RFID-013,RFD460,RFID,,,FLAGGED,,True,,,Deep Freeze,San Pedro,Don Bosco,15,VH-013,DR-013,Delivered,2026-05-07 07:00:00,2026-05-07 07:00:00,,0.0,15,2026-05-06
2026-06-24 13:29:36,2026-05-06 15:00:00,RFID-041,RFD730,RFID,,,FLAGGED,,True,,,Chill/Refrigerated,Rosario,Central Signal Village,13,VH-041,DR-041,Delivered,2026-05-08 11:00:00,2026-05-08 11:00:00,,0.0,15,2026-05-06
2026-06-24 13:29:38,2026-05-06 15:00:00,RFID-049,RFD565,RFID,,,VERIFIED,,False,,,Cool-Chain,Putatan,Tatalon,9,VH-049,DR-049,Delayed,2026-05-07 00:00:00,2026-05-07 05:00:00,Traffic,5.0,15,2026-05-06
2026-06-24 13:29:40,2026-05-06 15:00:00,RFID-046,RFD976,RFID,,,FLAGGED,,True,,,Cool-Chain,Bignay,Pateros,14,VH-046,DR-046,Delivered,2026-05-08 03:00:00,2026-05-08 03:00:00,,0.0,15,2026-05-06
2026-06-24 13:29:42,2026-05-06 16:00:00,RFID-032,RFD683,RFID,,,VERIFIED,,False,,,Clothing,Sampaloc,Navotas,16,VH-032,DR-032,Delivered,2026-05-06 21:00:00,2026-05-06 21:00:00,,0.0,16,2026-05-06
2026-06-24 13:29:42,2026-05-06 16:00:00,RFID-038,RFD645,RFID,,,VERIFIED,,False,,,Chill/Refrigerated,Davao,Bignay,27,VH-038,DR-038,Delayed,2026-05-08 20:00:00,2026-05-08 23:00:00,Weather,3.0,16,2026-05-06
2026-06-24 13:29:43,2026-05-06 16:00:00,RFID-004,RFD725,RFID,,,VERIFIED,,False,,,Cool-Chain,Central Signal Village,Don Bosco,1,VH-004,DR-004,Delivered,2026-05-07 17:00:00,2026-05-07 17:00:00,,0.0,16,2026-05-06
2026-06-24 13:29:47,2026-05-06 16:00:00,RFID-018,RFD920,RFID,,,VERIFIED,,False,,,Frozen,Valenzuela,Banco Filipino International Village,10,VH-018,DR-018,Delivered,2026-05-06 14:00:00,2026-05-06 14:00:00,,0.0,16,2026-05-06
2026-06-24 13:29:57,2026-05-06 18:00:00,RFID-041,RFD785,RFID,,,FLAGGED,,True,,,Chill/Refrigerated,Rosario,Central Signal Village,13,VH-041,DR-041,Delivered,2026-05-08 11:00:00,2026-05-08 11:00:00,,0.0,18,2026-05-06
2026-06-24 13:30:02,2026-05-06 19:00:00,RFID-013,RFD279,RFID,,,VERIFIED,,False,,,Deep Freeze,San Pedro,Don Bosco,15,VH-013,DR-013,Delivered,2026-05-07 07:00:00,2026-05-07 07:00:00,,0.0,19,2026-05-06
2026-06-24 13:30:05,2026-05-06 20:00:00,RFID-049,RFD662,RFID,,,VERIFIED,,False,,,Cool-Chain,Putatan,Tatalon,9,VH-049,DR-049,Delayed,2026-05-07 00:00:00,2026-05-07 05:00:00,Traffic,5.0,20,2026-05-06
2026-06-24 13:30:06,2026-05-06 21:00:00,RFID-038,RFD792,RFID,,,VERIFIED,,False,,,Chill/Refrigerated,Davao,Bignay,27,VH-038,DR-038,Delayed,2026-05-08 20:00:00,2026-05-08 23:00:00,Weather,3.0,21,2026-05-06
2026-06-24 13:30:07,2026-05-06 21:00:00,RFID-046,RFD627,RFID,,,VERIFIED,,False,,,Cool-Chain,Bignay,Pateros,14,VH-046,DR-046,Delivered,2026-05-08 03:00:00,2026-05-08 03:00:00,,0.0,21,2026-05-06
2026-06-24 13:30:08,2026-05-06 22:00:00,RFID-041,RFD153,RFID,,,VERIFIED,,False,,,Chill/Refrigerated,Rosario,Central Signal Village,13,VH-041,DR-041,Delivered,2026-05-08 11:00:00,2026-05-08 11:00:00,,0.0,22,2026-05-06
2026-06-24 13:30:08,2026-05-07 00:00:00,RFID-013,RFD590,RFID,,,VERIFIED,,False,,,Deep Freeze,San Pedro,Don Bosco,15,VH-013,DR-013,Delivered,2026-05-07 07:00:00,2026-05-07 07:00:00,,0.0,0,2026-05-07
2026-06-24 13:30:09,2026-05-07 01:00:00,RFID-038,RFD296,RFID,,,VERIFIED,,False,,,Chill/Refrigerated,Davao,Bignay,27,VH-038,DR-038,Delayed,2026-05-08 20:00:00,2026-05-08 23:00:00,Weather,3.0,1,2026-05-07
2026-06-24 13:30:10,2026-05-07 01:00:00,RFID-049,RFD921,RFID,,,VERIFIED,,False,,,Cool-Chain,Putatan,Tatalon,9,VH-049,DR-049,Delayed,2026-05-07 00:00:00,2026-05-07 05:00:00,Traffic,5.0,1,2026-05-07
